ID,LoanApproved
0,0.9991259
1,0.00329662
2,0.9997681
3,0.99932444
4,0.9994822
5,0.00036387285
6,0.9996111
7,0.99977666
8,0.5010902
9,5.6549143e-05
10,0.99161583
11,0.7830095
12,0.38387534
13,0.9993673
14,0.9757008
15,0.022820191
16,0.9999894
17,0.99822336
18,6.3967826e-05
19,9.14079e-06
20,0.00021548767
21,0.99943453
22,0.010762466
23,0.5860004
24,0.14992021
25,0.99979645
26,0.9981844
27,0.9999702
28,0.0009053645
29,1.4513122e-05
30,0.9928402
31,0.039954323
32,0.9978969
33,0.9878889
34,0.9959489
35,0.9999223
36,0.0016215731
37,0.025762813
38,0.9834593
39,0.00021124528
40,2.1526663e-05
41,0.7852899
42,0.0020090921
43,0.99989855
44,0.47602415
45,0.994235
46,0.9981249
47,0.00064474746
48,0.99993455
49,0.99961084
50,0.0009000298
51,0.03250321
52,0.010376188
53,0.99978226
54,0.960234
55,0.7204748
56,0.07557125
57,0.99993324
58,0.9986148
59,0.0022889606
60,0.009218698
61,0.016163152
62,0.99766564
63,0.00013138086
64,0.9959105
65,0.99859756
66,0.0028474904
67,4.2198775e-05
68,0.9996338
69,0.00010207184
70,0.9997638
71,0.99952006
72,0.00029352895
73,0.11602054
74,0.00850172
75,0.0002349879
76,4.1672734e-05
77,0.99997294
78,0.010619494
79,0.0023869278
80,2.590488e-05
81,0.52440816
82,0.0008001035
83,0.990507
84,0.00019851043
85,6.5548906e-05
86,0.00051800587
87,0.99996316
88,0.9908091
89,0.09890219
90,0.98843944
91,0.987283
92,0.83561033
93,0.99996877
94,0.9716061
95,0.99941325
96,0.9981969
97,0.00012292551
98,0.8582509
99,0.0036658414
100,0.9999019
101,0.99961996
102,0.00022620498
103,4.2421252e-05
104,0.9997247
105,0.00021709311
106,0.0013389648
107,8.801323e-05
108,0.9978605
109,1.33793765e-05
110,0.00021825766
111,0.00015329145
112,0.00041369232
113,0.001534235
114,0.00060518214
115,0.98534495
116,0.00029411833
117,0.001361328
118,0.9855677
119,0.9416001
120,0.99898094
121,0.00045951238
122,0.93556607
123,0.17730352
124,0.95621485
125,0.0019496704
126,0.99908173
127,0.9999335
128,0.99981874
129,0.0011390597
130,0.999265
131,0.0007020459
132,1.7205612e-05
133,0.00032970452
134,0.99998355
135,0.97261006
136,0.99997973
137,0.31357324
138,0.999974
139,0.8938439
140,0.026528463
141,0.7655996
142,0.9999609
143,0.9990553
144,0.026859289
145,0.9999299
146,0.07748351
147,0.0028002865
148,0.0004422562
149,0.0008313452
150,0.95958644
151,0.9640992
152,0.00020893947
153,0.9847824
154,4.479101e-05
155,0.999959
156,0.0011993925
157,0.0024315524
158,3.5724595e-05
159,0.0012153336
160,0.8892383
161,0.9140516
162,1.9733714e-05
163,0.6114849
164,0.99262965
165,0.019186072
166,0.6075198
167,0.60429585
168,0.9984206
169,0.99506795
170,0.94886714
171,0.30130538
172,0.006957194
173,0.98005164
174,0.97385347
175,0.010090839
176,0.9381798
177,0.9931202
178,0.93312436
179,2.3118677e-05
180,0.15724246
181,0.9999292
182,0.008091851
183,0.004296615
184,0.0006392502
185,0.0007981304
186,2.9389328e-06
187,0.6275219
188,0.9996513
189,0.9999937
190,0.9996711
191,8.399347e-05
192,0.13193393
193,0.9998828
194,0.0005064273
195,0.99957496
196,0.99933594
197,0.002053429
198,0.0048972196
199,0.98665243
200,0.9999696
201,0.1249756
202,0.99578923
203,0.9996934
204,5.8176258e-05
205,0.0025133349
206,6.6734624e-06
207,0.80064106
208,0.0018761578
209,0.98472786
210,0.9522281
211,0.98560566
212,0.00047828452
213,0.08491288
214,0.9935961
215,0.0011615051
216,0.0012182229
217,0.054871894
218,0.074746095
219,0.99746335
220,0.9995229
221,0.9997009
222,0.99967086
223,0.0777793
224,0.99731725
225,0.006732992
226,0.00051250524
227,0.997789
228,0.6004872
229,0.99939513
230,0.9189818
231,0.061107416
232,0.6673307
233,0.31362224
234,0.0016947808
235,0.0097526405
236,0.9997651
237,0.004239135
238,0.027625557
239,0.9977047
240,0.0001076454
241,0.00013608499
242,0.013950416
243,1.6553495e-05
244,9.977331e-05
245,0.00020636934
246,0.99999785
247,0.9997125
248,7.902342e-05
249,0.9999776
250,0.0061426316
251,0.99824595
252,0.90823406
253,0.00082913437
254,0.090586245
255,0.999954
256,0.5958134
257,0.00087759324
258,0.06724874
259,0.9997918
260,0.0008774034
261,0.0035594464
262,0.9997788
263,8.839888e-05
264,0.0007055585
265,0.99976
266,0.9789491
267,0.9972465
268,0.0036309925
269,3.4006196e-05
270,0.91999274
271,3.457469e-05
272,0.9998319
273,0.09182257
274,0.91754323
275,0.9009697
276,0.00021527613
277,0.71727794
278,0.22918522
279,0.997529
280,0.0012999944
281,0.004761982
282,0.057949383
283,0.6824242
284,0.9864259
285,0.99988604
286,0.99612963
287,0.00016208892
288,0.008020332
289,0.96216184
290,0.8519705
291,0.9369947
292,0.014989424
293,0.0016770565
294,0.99938
295,0.0013302168
296,1.1218053e-05
297,0.978744
298,0.8895973
299,0.00067610823
300,0.031282064
301,7.2033467e-06
302,0.92880005
303,0.9982578
304,0.03670624
305,0.99997044
306,0.9989743
307,0.00016263913
308,0.8375945
309,0.9943184
310,0.00013104404
311,0.0020398905
312,0.22930741
313,0.39269623
314,0.00024345558
315,0.00015564925
316,0.993483
317,0.9983353
318,0.0006662088
319,0.9989324
320,0.9998729
321,0.74344283
322,0.000204411
323,0.00097361195
324,4.065544e-05
325,0.3091891
326,0.0004872135
327,0.99975306
328,0.92361534
329,0.9998834
330,0.9813985
331,0.0028446352
332,0.9996642
333,0.017212478
334,0.017093992
335,0.0057642837
336,0.0006300699
337,0.99960166
338,0.9811141
339,0.15356396
340,0.004019564
341,1.6908543e-05
342,1.526183e-05
343,0.0045854
344,0.9946412
345,0.9998938
346,0.59605783
347,0.9867753
348,0.97757727
349,0.9918174
350,0.8135047
351,0.99887115
352,0.5107672
353,0.99988353
354,0.99978036
355,0.996139
356,0.9999902
357,0.9999827
358,0.9883437
359,0.0010055902
360,0.9977997
361,0.99968386
362,0.9934343
363,0.0011598162
364,0.020836255
365,0.30860624
366,0.004318106
367,0.99853766
368,0.0015983566
369,0.64967495
370,0.9996364
371,0.9999043
372,0.9998909
373,4.137906e-05
374,0.11470076
375,0.99371666
376,0.9999443
377,0.0027181595
378,0.99921536
379,0.0032297217
380,0.9764351
381,0.98224163
382,9.084614e-05
383,0.0001324815
384,0.39655444
385,0.00057584175
386,0.9996159
387,0.48557112
388,0.5296886
389,0.97724503
390,0.00067535194
391,5.4447864e-05
392,0.0010154612
393,0.9999863
394,0.000116584124
395,0.00013110241
396,0.99979
397,0.99760145
398,2.859498e-05
399,0.94435
400,0.01580611
401,0.00053432526
402,0.99972385
403,3.893482e-05
404,5.525922e-05
405,0.3188053
406,0.9998907
407,0.00042953875
408,0.24032116
409,0.9989347
410,0.97065395
411,0.9999199
412,0.9999502
413,0.8506847
414,0.00017040207
415,0.9810823
416,0.014126145
417,0.9891065
418,0.99998224
419,0.9960343
420,0.9999484
421,0.9994783
422,0.99989426
423,0.015909214
424,0.99991786
425,0.1116247
426,0.9896917
427,0.99966574
428,0.002897843
429,0.9984315
430,0.0043965653
431,0.99989307
432,0.00015701918
433,0.00035219977
434,9.6144395e-05
435,0.003810517
436,0.99986124
437,2.8425866e-05
438,0.94778657
439,0.0011915887
440,0.0006194445
441,0.8956359
442,0.0002847858
443,5.6880188e-05
444,0.00027033762
445,1.937294e-05
446,0.00022583154
447,0.012767203
448,0.02968037
449,0.0008911407
450,0.0005027357
451,0.00065551954
452,0.9998946
453,0.0041535706
454,0.08530738
455,0.028358517
456,0.96935654
457,0.055336557
458,0.92826396
459,0.13763744
460,0.9933909
461,0.99266326
462,0.999959
463,0.016783403
464,0.99996936
465,0.0075637884
466,0.9998883
467,0.0022171661
468,0.97599286
469,6.020992e-05
470,0.013023407
471,9.684343e-05
472,0.99898106
473,0.99957794
474,0.99994695
475,0.00028758548
476,0.9999336
477,5.9784645e-05
478,0.9999324
479,0.11327622
480,0.00461641
481,0.98942155
482,0.002528148
483,0.98744696
484,0.99959725
485,0.019505952
486,0.0010402605
487,0.99926084
488,0.00043553297
489,0.9998692
490,3.2097123e-05
491,0.9998252
492,6.237043e-05
493,0.99273056
494,9.583218e-05
495,0.9999379
496,8.3972736e-05
497,0.00021866676
498,0.94770426
499,0.99986005
500,0.45939687
501,0.6027452
502,0.00011677718
503,0.9997348
504,0.68372184
505,0.013791998
506,0.08908008
507,3.5501194e-05
508,0.9999821
509,0.00025539938
510,0.29064322
511,0.2528599
512,0.9998951
513,5.5286157e-05
514,7.929116e-05
515,0.99998987
516,0.8840466
517,0.06880475
518,0.9951963
519,0.93301344
520,0.05937126
521,8.4822685e-05
522,0.001035766
523,0.8690923
524,0.89405245
525,0.00013484276
526,0.1686797
527,0.16183351
528,0.988987
529,0.9998808
530,0.99976367
531,0.9982994
532,0.053375714
533,0.0015765948
534,0.13111676
535,0.9969367
536,0.027826391
537,0.0008167712
538,1.29431555e-05
539,6.640291e-05
540,5.033402e-05
541,0.9975068
542,0.00047732735
543,0.06394587
544,0.058816668
545,3.872435e-05
546,0.00087862904
547,0.023494652
548,0.00026682846
549,5.8686495e-05
550,0.9422477
551,0.98750997
552,0.00061125815
553,0.99215204
554,0.0007303432
555,0.11850392
556,0.16648802
557,0.996754
558,4.6818773e-06
559,0.997615
560,0.9365345
561,0.00090973574
562,0.0006857302
563,0.00261331
564,0.99976176
565,0.02873394
566,0.095687024
567,0.9839761
568,0.024893645
569,0.9992194
570,0.00013237594
571,0.9986307
572,9.514498e-05
573,0.00018845538
574,0.8010232
575,0.5872835
576,0.5088704
577,0.9986217
578,0.00044488662
579,0.9771647
580,0.9972982
581,0.9995191
582,3.1569034e-05
583,0.07422619
584,0.99966776
585,0.999508
586,8.341409e-06
587,0.27741262
588,0.393747
589,0.9986187
590,3.8104234e-05
591,0.9974318
592,0.001755571
593,0.008520845
594,0.0004014441
595,0.9997111
596,0.00021974398
597,0.98254836
598,0.006531033
599,0.024905905
600,0.99306536
601,0.0001178893
602,0.0006255595
603,0.013318241
604,0.0016893937
605,0.99090225
606,0.9929047
607,0.013877528
608,0.99991846
609,0.9974138
610,0.049675044
611,0.8916147
612,0.8583095
613,0.92047906
614,0.9916619
615,0.99954104
616,0.99985087
617,0.9972052
618,0.6817396
619,0.94674516
620,0.9979961
621,0.0020273149
622,0.0020341277
623,0.021631695
624,0.68339974
625,3.4633264e-05
626,0.821047
627,0.00038828058
628,6.079472e-05
629,0.999966
630,0.991799
631,0.99854636
632,0.000102516446
633,0.99743587
634,0.9995327
635,0.98685896
636,0.8521023
637,0.00096598786
638,0.99840266
639,0.0026640275
640,0.00017962145
641,0.62682074
642,0.9889107
643,0.02212844
644,0.0012661706
645,0.9965172
646,8.6240536e-05
647,6.701686e-05
648,0.017286772
649,0.00013701858
650,0.9999105
651,0.99996114
652,0.9992692
653,0.99669504
654,0.9939028
655,0.9628158
656,0.981375
657,0.0001271532
658,0.6605965
659,0.99304974
660,0.8631829
661,0.9999957
662,0.9996165
663,0.9942367
664,0.11059476
665,0.0024551093
666,0.97928315
667,0.9954556
668,0.12348793
669,0.9165207
670,0.99955326
671,0.9999118
672,0.9999958
673,0.7727881
674,0.9698654
675,0.010164014
676,0.7583836
677,0.9976611
678,0.96962196
679,7.10383e-05
680,0.0011240708
681,0.95153546
682,0.9403683
683,0.98237866
684,0.9987387
685,0.018111838
686,0.00064951496
687,0.99993753
688,1.5479844e-05
689,0.010005751
690,0.62876827
691,0.0060106455
692,1.7436052e-05
693,0.9721593
694,0.9998462
695,2.8319451e-05
696,0.056347717
697,5.9114893e-05
698,0.0005864808
699,0.9957541
700,0.00024114564
701,0.94530106
702,0.99879223
703,0.99987006
704,0.99977475
705,0.99995625
706,0.64998853
707,0.0008639996
708,3.941882e-05
709,0.67541057
710,0.15166625
711,0.20229454
712,0.99998534
713,0.004719816
714,3.2010645e-05
715,0.99998784
716,0.99567986
717,0.010058914
718,0.94859266
719,0.99963117
720,0.00094064
721,0.00095353305
722,0.9998776
723,0.99382496
724,0.00022745482
725,0.26595187
726,0.9845989
727,0.94776976
728,7.396359e-05
729,0.99990606
730,0.9239464
731,0.004875094
732,0.9923544
733,0.84240633
734,0.11552558
735,0.99978477
736,0.0016536595
737,0.02341223
738,0.9987423
739,0.99983346
740,0.9989981
741,0.0006702876
742,0.96928567
743,0.48334405
744,0.9999608
745,0.32128406
746,0.5287415
747,0.00021932679
748,0.98947704
749,0.9971595
750,9.789615e-05
751,0.17375124
752,0.0002842384
753,0.74852264
754,0.78379035
755,0.21537319
756,0.9999511
757,0.00018365844
758,8.1173355e-05
759,0.088600144
760,0.9996555
761,0.87670374
762,0.99980956
763,0.99812764
764,2.7828479e-05
765,0.00025245905
766,0.9998217
767,1.4836006e-05
768,0.99880934
769,0.19081528
770,0.98347336
771,0.00053850736
772,0.031266745
773,0.9998785
774,0.9930514
775,0.97501963
776,0.9987771
777,0.99492985
778,0.9991912
779,0.9997644
780,0.22883481
781,0.09582321
782,0.000437126
783,5.563113e-05
784,0.9996006
785,0.9984983
786,0.11703093
787,0.00010019205
788,0.008831234
789,0.9519067
790,0.0005950837
791,0.9998462
792,0.99463475
793,0.9991059
794,2.4729743e-05
795,0.55301744
796,0.921656
797,0.9998442
798,0.00022224274
799,9.037902e-05
800,0.0004748011
801,0.7377526
802,0.9990982
803,0.014447031
804,0.0011840414
805,0.00038348092
806,0.0053164703
807,0.06930674
808,0.0010405058
809,0.027286476
810,2.086646e-05
811,0.5533332
812,0.99996734
813,0.00017111817
814,0.99371827
815,0.0015173272
816,0.99992955
817,0.3671684
818,0.0015248779
819,0.99976975
820,0.9998047
821,0.3064958
822,0.63623786
823,0.0039659454
824,0.00051904056
825,0.0001256967
826,0.41856048
827,0.43925816
828,0.9998586
829,0.6109845
830,0.85570586
831,0.0011962485
832,0.99402606
833,0.016923796
834,0.99565035
835,0.01964598
836,0.9874921
837,0.9964322
838,0.99483204
839,0.21158442
840,0.0852436
841,4.7579677e-05
842,0.0080898795
843,0.9987727
844,4.416758e-05
845,0.9203848
846,0.99162346
847,0.9995691
848,0.00067845394
849,0.8575831
850,0.99982554
851,0.001329838
852,0.002087266
853,0.81988096
854,0.9997074
855,0.9933949
856,0.0020119606
857,0.99987686
858,0.8394641
859,0.007760136
860,0.9984875
861,0.5659081
862,0.79087716
863,0.99995804
864,0.9999205
865,0.032404132
866,0.0007609019
867,0.900501
868,0.2734558
869,0.0018239998
870,0.998676
871,0.99922824
872,0.015168557
873,0.025642788
874,0.9999676
875,0.06657034
876,0.9998727
877,0.9998109
878,0.64598745
879,0.9999877
880,0.96824473
881,0.9995933
882,0.12520438
883,0.9999393
884,0.3000022
885,0.9998573
886,0.0027982926
887,0.0005482299
888,0.0007144667
889,0.4231218
890,0.9997657
891,0.9971629
892,8.169045e-05
893,0.9998623
894,0.9984919
895,0.999863
896,0.6471168
897,0.0051840367
898,0.0056019532
899,0.011476346
900,0.99984455
901,0.001748836
902,0.00021470056
903,0.001244899
904,0.02867245
905,0.00065638346
906,0.9816079
907,0.00011750849
908,0.8759737
909,0.0020955778
910,0.609132
911,0.000114770955
912,5.0024657e-05
913,0.0030967838
914,0.99989617
915,0.24951392
916,0.015634319
917,0.0045699384
918,0.9998708
919,0.99001884
920,0.9993845
921,0.99990964
922,0.005451534
923,0.99864346
924,0.0003582807
925,0.00023150072
926,0.12031602
927,0.9989741
928,0.41034207
929,0.9998852
930,0.999181
931,0.9998721
932,0.9999018
933,0.649416
934,0.96407485
935,0.024180906
936,0.008261259
937,0.9998659
938,0.0001169674
939,0.00029029755
940,0.0014349452
941,0.86523086
942,0.88945484
943,0.05703088
944,0.99948347
945,3.374028e-05
946,0.9980336
947,0.24290428
948,0.023110127
949,0.13233171
950,0.9897127
951,0.0073028677
952,0.0029356105
953,0.10180233
954,0.95332986
955,0.00044370754
956,0.00034845906
957,0.019207556
958,0.79045045
959,0.9989436
960,0.999754
961,0.2314029
962,0.94067156
963,2.3589078e-05
964,0.0059627756
965,0.9996865
966,0.9974789
967,9.963383e-05
968,0.99993885
969,0.9999548
970,0.0026432464
971,0.9712024
972,0.99996996
973,0.6526991
974,0.9999733
975,0.8297708
976,0.21799515
977,5.9359547e-05
978,0.00013030725
979,0.9999943
980,0.031081142
981,0.31796154
982,1.7728775e-05
983,0.99919397
984,0.015423937
985,0.8243789
986,0.99617743
987,8.688815e-06
988,0.9974474
989,1.0528508e-05
990,0.7210513
991,0.022956798
992,0.31620547
993,0.9998209
994,0.0073460145
995,0.9999484
996,0.9987161
997,0.99254966
998,0.0008388038
999,0.9997876
1000,0.9942729
1001,0.014287782
1002,0.9572131
1003,0.003588107
1004,0.0024800887
1005,0.99996686
1006,0.00023474316
1007,0.99990666
1008,0.28062072
1009,0.99782264
1010,0.0022197277
1011,0.9990094
1012,0.97106093
1013,0.07428469
1014,0.21403249
1015,1.639954e-05
1016,0.94270855
1017,0.5937812
1018,0.9997632
1019,6.710242e-05
1020,0.9995484
1021,0.9648953
1022,0.8614853
1023,0.0006598671
1024,0.0009116464
1025,0.922506
1026,0.9999385
1027,0.9997149
1028,0.99997246
1029,0.99991727
1030,0.00312171
1031,0.99988115
1032,0.999811
1033,0.99996066
1034,0.9999943
1035,0.00023000201
1036,0.00025699957
1037,0.00015357748
1038,0.020368654
1039,0.00016872963
1040,0.00039389558
1041,0.9996778
1042,3.586099e-05
1043,0.00015809953
1044,0.99846625
1045,0.0020817085
1046,0.7071952
1047,0.9995678
1048,0.017290516
1049,0.998882
1050,0.9925662
1051,0.00016893746
1052,0.83301353
1053,0.011312954
1054,0.00034599786
1055,0.64022535
1056,0.9989513
1057,0.9998859
1058,0.24157904
1059,0.9997391
1060,4.7958867e-05
1061,0.78686094
1062,4.5769186e-05
1063,0.008310012
1064,0.7529642
1065,0.55593073
1066,0.007023166
1067,0.7523849
1068,0.97908425
1069,0.95019895
1070,0.084740065
1071,0.9999703
1072,0.0038652672
1073,0.9707837
1074,0.5254185
1075,0.965397
1076,0.0002012387
1077,0.9716879
1078,0.0015125774
1079,0.031253755
1080,0.99988663
1081,0.9983
1082,0.9870149
1083,0.0011815323
1084,0.2759523
1085,0.9997521
1086,0.99997795
1087,0.0003487402
1088,0.99844354
1089,0.9995591
1090,0.99987817
1091,0.0001701991
1092,0.00011852129
1093,0.9999944
1094,0.98856723
1095,0.00023181149
1096,0.9022891
1097,0.00011140614
1098,0.00022880144
1099,1.917831e-05
1100,0.9860475
1101,0.9975662
1102,0.031134283
1103,0.9998198
1104,0.0017040279
1105,0.9970005
1106,0.009613087
1107,0.01612722
1108,0.99990106
1109,0.002808804
1110,0.9888216
1111,0.08318247
1112,0.001545047
1113,0.9985065
1114,0.0012543054
1115,0.0024631945
1116,0.00587902
1117,0.99991894
1118,0.0076979375
1119,0.20238857
1120,0.99978167
1121,0.9835518
1122,0.9993412
1123,0.96881247
1124,0.019751646
1125,0.9999311
1126,0.26014325
1127,0.43859458
1128,0.96320754
1129,0.99084175
1130,0.0014121688
1131,0.00030055732
1132,0.64628994
1133,0.98609805
1134,8.477239e-05
1135,0.9447381
1136,0.9768893
1137,0.6189225
1138,0.12566224
1139,0.48456135
1140,0.79291654
1141,0.44215015
1142,4.908222e-05
1143,0.9999509
1144,0.00052339316
1145,3.0390562e-05
1146,0.9995141
1147,0.20472902
1148,0.9996669
1149,4.2760435e-05
1150,0.99376184
1151,0.9930992
1152,0.9986707
1153,0.0037009919
1154,0.9998192
1155,0.9239169
1156,0.99846894
1157,0.00012611593
1158,0.3072987
1159,0.059437376
1160,0.9997155
1161,0.0018824295
1162,0.0010648323
1163,0.99866223
1164,0.00030647908
1165,0.0005113337
1166,0.00030857834
1167,0.00014497444
1168,0.9998318
1169,0.25802088
1170,0.9998542
1171,0.00070207973
1172,0.99948055
1173,0.011385122
1174,0.0728682
1175,0.7037218
1176,0.46885902
1177,0.002448945
1178,0.896048
1179,0.9999083
1180,0.81019014
1181,0.00033867467
1182,0.4156307
1183,0.8085564
1184,0.9962437
1185,0.9919886
1186,0.0024387862
1187,0.061731648
1188,0.999949
1189,0.9998035
1190,0.9999008
1191,0.044164658
1192,0.9713632
1193,0.9335067
1194,0.314596
1195,0.75198406
1196,0.99989676
1197,6.408658e-06
1198,0.9983419
1199,0.123522
1200,0.0002668796
1201,0.99988675
1202,8.174562e-05
1203,0.001589368
1204,6.602217e-05
1205,0.9995927
1206,0.9997414
1207,0.068177715
1208,0.98923767
1209,0.003520005
1210,0.83515465
1211,0.0047818124
1212,0.00036770134
1213,0.99188846
1214,2.5806103e-05
1215,0.0003629883
1216,0.9991185
1217,0.04707225
1218,0.999833
1219,0.0030577094
1220,0.18683799
1221,0.7988697
1222,0.9865458
1223,0.9980533
1224,0.99983597
1225,0.06616005
1226,1.9592755e-05
1227,0.0057500256
1228,0.8748377
1229,0.0015266635
1230,0.047728807
1231,0.99998486
1232,0.6152259
1233,0.003127073
1234,0.0013837097
1235,0.9919012
1236,4.303879e-05
1237,0.007992556
1238,0.9866807
1239,0.9993894
1240,0.9989164
1241,0.00827845
1242,0.99032485
1243,0.99975806
1244,2.565133e-05
1245,0.015924152
1246,0.050317198
1247,0.9618014
1248,0.00038792982
1249,0.9999727
1250,0.97636205
1251,0.99997485
1252,0.9974039
1253,0.9994962
1254,6.2926636e-05
1255,0.12831649
1256,0.20811054
1257,0.00011759199
1258,0.0012784968
1259,9.0692585e-05
1260,0.012311352
1261,0.99989605
1262,0.9765524
1263,0.00020340798
1264,0.9999124
1265,0.0003930507
1266,0.8932032
1267,0.00094182417
1268,0.82874495
1269,0.0023668983
1270,0.70266235
1271,0.99746835
1272,0.99796116
1273,0.95012283
1274,0.00028874984
1275,5.8608024e-05
1276,0.0027437024
1277,0.9996032
1278,0.33681872
1279,0.99863917
1280,2.482717e-05
1281,0.0026201047
1282,0.99228173
1283,0.9831313
1284,0.0023507087
1285,1.3062059e-05
1286,0.59532857
1287,0.98457366
1288,0.9969234
1289,0.018983675
1290,0.99812025
1291,1.3608627e-05
1292,0.026504798
1293,0.9998568
1294,0.00084171747
1295,7.270595e-05
1296,0.9972088
1297,0.99006784
1298,0.9945305
1299,0.013818244
1300,0.66551065
1301,5.2479332e-05
1302,0.00016648538
1303,0.010845436
1304,0.012280433
1305,0.12282043
1306,0.9748488
1307,0.9998839
1308,0.0007561986
1309,0.98324955
1310,0.029325245
1311,0.06847247
1312,0.00037149806
1313,0.9800235
1314,0.99894637
1315,0.9997714
1316,0.99965274
1317,0.032749787
1318,0.99982184
1319,0.99984264
1320,0.9931164
1321,0.9140012
1322,9.124811e-05
1323,0.00019007268
1324,0.3451117
1325,0.028987937
1326,0.7193121
1327,0.9984053
1328,0.012296501
1329,0.9993498
1330,0.024560336
1331,0.010107018
1332,0.9935446
1333,0.5820116
1334,0.0001955171
1335,0.0002013118
1336,5.8955517e-05
1337,0.9946616
1338,0.12102082
1339,0.31308788
1340,0.999772
1341,0.9999398
1342,0.9999758
1343,0.9968195
1344,0.99886477
1345,0.9994518
1346,0.41336614
1347,0.9999399
1348,0.0013188294
1349,0.013041415
1350,0.99974495
1351,0.0184042
1352,0.999946
1353,0.014921215
1354,0.00029999763
1355,0.9897697
1356,0.00017204827
1357,0.90833527
1358,0.99970406
1359,0.9999056
1360,0.024948807
1361,0.008370193
1362,0.9615095
1363,0.99939764
1364,0.99908423
1365,0.43887427
1366,0.4712323
1367,0.9988211
1368,0.002043528
1369,0.8773122
1370,0.9956109
1371,0.99981374
1372,0.9998461
1373,0.0014021866
1374,0.99981135
1375,0.99969697
1376,8.213686e-05
1377,0.9989791
1378,0.0002554213
1379,0.99988556
1380,0.9977603
1381,0.90623206
1382,0.99983907
1383,0.9995875
1384,0.00037984506
1385,0.013985191
1386,0.0016199249
1387,0.99616385
1388,0.9997298
1389,0.9990779
1390,4.5517685e-05
1391,0.9984074
1392,2.8570532e-05
1393,0.028040837
1394,0.9940094
1395,0.032030255
1396,0.9996736
1397,0.8379246
1398,0.04317501
1399,0.9998683
1400,0.9997265
1401,0.99841726
1402,0.98673856
1403,0.99958307
1404,0.30116206
1405,9.082718e-06
1406,0.99872774
1407,0.99882466
1408,0.037366677
1409,0.00013278998
1410,0.99963784
1411,0.91671324
1412,0.00030054845
1413,0.99779606
1414,0.03424162
1415,9.725739e-05
1416,2.7655351e-05
1417,0.99994993
1418,0.00013738437
1419,0.001036028
1420,0.021750616
1421,0.00089299836
1422,0.00010097653
1423,0.69803005
1424,0.75345814
1425,0.9888087
1426,0.9954507
1427,0.0041070436
1428,0.00022909371
1429,0.9998435
1430,0.0038453247
1431,0.9999157
1432,0.99999356
1433,0.0020992653
1434,0.051275518
1435,0.14623706
1436,0.9998498
1437,0.99166507
1438,3.776242e-05
1439,0.047725156
1440,0.0023253674
1441,0.99704945
1442,0.9994054
1443,0.9995053
1444,0.9946568
1445,0.9995003
1446,0.76674026
1447,0.0008535725
1448,0.027713897
1449,0.9871427
1450,0.00921276
1451,0.95142835
1452,0.9977182
1453,0.12553963
1454,0.99715793
1455,0.00067387254
1456,5.384487e-05
1457,2.1572901e-05
1458,0.9360515
1459,0.00022369793
1460,0.99977714
1461,0.00039254833
1462,0.0020698474
1463,0.27786168
1464,0.05042779
1465,0.8093602
1466,0.7653623
1467,0.1018498
1468,0.99007696
1469,0.99995136
1470,0.9945161
1471,0.9973954
1472,0.9971855
1473,0.00039472818
1474,0.6047564
1475,0.025692727
1476,0.9766266
1477,0.8108365
1478,0.003709152
1479,0.0014119477
1480,0.7851027
1481,0.8418721
1482,0.99936324
1483,0.0027679869
1484,0.9978994
1485,0.013190303
1486,0.0055446927
1487,0.99976724
1488,0.9976646
1489,0.99973565
1490,0.89629877
1491,0.357416
1492,6.723155e-05
1493,3.4402216e-05
1494,0.017753039
1495,0.0014120464
1496,0.015037727
1497,0.96535724
1498,0.000571709
1499,0.0035004034
1500,0.00029267385
1501,0.74968207
1502,0.0010563753
1503,0.061085936
1504,0.0012797663
1505,0.99972373
1506,9.728549e-05
1507,0.97427434
1508,0.81096804
1509,0.9994049
1510,0.99182147
1511,5.968267e-06
1512,0.036642473
1513,0.99987257
1514,0.9997032
1515,0.00054436864
1516,8.3209656e-05
1517,0.9998267
1518,0.0006162135
1519,0.9016405
1520,0.9995128
1521,0.99774855
1522,0.4612393
1523,0.96478134
1524,0.8590331
1525,0.9996433
1526,0.99801934
1527,0.95841503
1528,0.9987437
1529,0.94426644
1530,6.83656e-05
1531,0.00037725453
1532,7.574691e-05
1533,0.18794864
1534,0.053772803
1535,0.9996325
1536,0.0001939282
1537,0.7042158
1538,0.99916553
1539,0.020043414
1540,0.00024326904
1541,0.016777111
1542,0.0019837797
1543,0.0007466271
1544,0.0014687846
1545,0.80195326
1546,0.9745242
1547,0.19336951
1548,8.902293e-05
1549,0.9943614
1550,0.9996092
1551,0.99966276
1552,0.12267377
1553,0.0018911824
1554,0.00013636387
1555,0.9394485
1556,0.99985886
1557,0.9955089
1558,0.0001933715
1559,0.0009546267
1560,0.00015503544
1561,0.9944988
1562,0.010754519
1563,0.27962267
1564,0.00023729204
1565,0.6367888
1566,0.9909436
1567,0.00057222473
1568,0.941781
1569,0.9997173
1570,0.99966025
1571,0.9849005
1572,0.0032733495
1573,0.99997985
1574,0.0011991182
1575,0.00051051524
1576,0.0020532736
1577,0.99896646
1578,0.0011947904
1579,0.099971674
1580,0.0044384594
1581,0.9999434
1582,0.327846
1583,0.7173644
1584,0.94030124
1585,0.00027700144
1586,0.97521293
1587,0.999969
1588,0.99994993
1589,0.99962306
1590,0.0038745832
1591,0.88111514
1592,0.9988745
1593,0.0003563389
1594,0.013485614
1595,0.0058446717
1596,0.9999213
1597,0.007681863
1598,0.13607095
1599,0.9985037
1600,0.6820215
1601,0.00017334882
1602,0.9995999
1603,0.04051276
1604,0.9843721
1605,0.9991978
1606,0.013843115
1607,0.00039085434
1608,0.925446
1609,0.043982845
1610,0.0015121009
1611,0.9973411
1612,0.018490737
1613,0.99955946
1614,0.9863122
1615,0.00038480092
1616,0.49196583
1617,0.37564516
1618,0.63832384
1619,0.9998784
1620,0.999949
1621,0.38776928
1622,0.0017216982
1623,0.0005891201
1624,0.002861391
1625,0.0009023612
1626,0.99936134
1627,0.97462773
1628,0.9998659
1629,0.99558735
1630,0.9322605
1631,0.00047627997
1632,0.00015355786
1633,0.83841234
1634,0.016615173
1635,0.9804806
1636,0.67305106
1637,0.11399321
1638,0.9945444
1639,0.99997544
1640,0.094099954
1641,0.99827814
1642,0.00097521336
1643,0.0008548158
1644,0.7990519
1645,0.7363134
1646,0.0797939
1647,7.594458e-05
1648,0.99899465
1649,0.0057555977
1650,0.9987435
1651,0.10160074
1652,0.15940166
1653,2.9827906e-05
1654,0.9992398
1655,0.40477937
1656,0.990999
1657,0.01133226
1658,0.00012938262
1659,0.0054114074
1660,0.0798198
1661,0.99992454
1662,0.00015712043
1663,0.99739045
1664,0.00027800896
1665,0.9955153
1666,0.08470009
1667,0.011418037
1668,0.016966602
1669,0.9998733
1670,0.7633035
1671,0.001976203
1672,0.00015245256
1673,0.99961925
1674,0.0084234495
1675,9.743765e-05
1676,4.7689515e-05
1677,0.0025381553
1678,0.009277931
1679,0.7221052
1680,0.9996834
1681,0.88070506
1682,0.12918189
1683,0.00032948612
1684,0.44051263
1685,0.8979317
1686,0.42482385
1687,0.9999368
1688,0.00028038013
1689,0.0044000857
1690,0.0022170867
1691,0.00021421001
1692,0.100865304
1693,0.9752901
1694,0.00071561115
1695,0.99988925
1696,0.027387094
1697,0.99590707
1698,0.008984686
1699,0.0002749725
1700,0.99909997
1701,0.5567252
1702,0.99977547
1703,0.997283
1704,0.99984705
1705,0.9966594
1706,0.0002266964
1707,0.03218795
1708,0.9993017
1709,0.00015493759
1710,0.027941933
1711,0.00013209954
1712,0.99876785
1713,0.99336374
1714,0.06179281
1715,0.81707436
1716,0.0026976601
1717,0.47613394
1718,0.6479617
1719,0.99973744
1720,0.24780302
1721,0.99999404
1722,0.99985373
1723,0.31436616
1724,0.14059088
1725,0.0015562144
1726,0.00026415748
1727,0.9310656
1728,0.5272457
1729,9.325107e-05
1730,0.049698923
1731,0.99988973
1732,0.9588828
1733,6.7784495e-06
1734,0.9894471
1735,0.8695991
1736,0.99994564
1737,0.018213399
1738,0.99896157
1739,0.070495896
1740,0.99920756
1741,0.99971086
1742,0.9991411
1743,0.999902
1744,9.626861e-05
1745,0.29102957
1746,0.0027208675
1747,0.00010786673
1748,0.00089319795
1749,0.99874794
1750,0.33224323
1751,0.5046289
1752,0.999961
1753,0.86786646
1754,4.436878e-05
1755,0.00010691009
1756,0.089485675
1757,0.9997106
1758,0.99980253
1759,3.3629938e-05
1760,0.9999089
1761,0.99999607
1762,0.00024288546
1763,0.00340995
1764,0.01699823
1765,0.9996947
1766,4.5550387e-05
1767,0.99955016
1768,0.00017512798
1769,0.075839646
1770,0.0048766783
1771,0.9911935
1772,4.2074527e-05
1773,0.99977964
1774,0.99817276
1775,0.9664582
1776,0.9989986
1777,0.9910817
1778,0.59692764
1779,0.0096655
1780,0.99994564
1781,0.9988612
1782,0.0048080594
1783,0.99997354
1784,0.00055281684
1785,0.00026598695
1786,0.9985019
1787,0.001585827
1788,3.6606853e-05
1789,0.9919938
1790,0.8717249
1791,2.1758837e-05
1792,0.9989471
1793,0.9432396
1794,0.0019467443
1795,0.00022022429
1796,4.849488e-05
1797,0.9992192
1798,1.1519541e-05
1799,0.9949719
1800,0.99946564
1801,0.9908785
1802,0.0033782157
1803,0.99994576
1804,0.92508256
1805,0.00018136794
1806,0.99921906
1807,0.8909186
1808,0.00015339395
1809,1.4849749e-05
1810,0.1403634
1811,0.9999701
1812,0.8899758
1813,0.38408506
1814,0.9997402
1815,0.99959284
1816,0.026032198
1817,0.9998685
1818,0.9917563
1819,0.99985003
1820,0.0013234301
1821,0.023421282
1822,0.002224103
1823,0.9987097
1824,0.04326662
1825,0.9996853
1826,0.99949753
1827,0.9990822
1828,0.8394244
1829,0.00017175388
1830,0.9990933
1831,0.99984014
1832,0.99937266
1833,0.99992776
1834,0.0058629224
1835,0.99992144
1836,0.9999628
1837,0.0019319087
1838,0.004010937
1839,0.11960783
1840,0.9976936
1841,0.99986863
1842,0.9846274
1843,0.98079073
1844,0.006201263
1845,0.0031792452
1846,0.9999169
1847,0.20876795
1848,0.0020295263
1849,0.7353908
1850,0.8564563
1851,5.7248595e-05
1852,0.00019464958
1853,0.9999007
1854,0.00067683065
1855,0.99094594
1856,0.00084859726
1857,0.9999335
1858,0.97749
1859,0.9128264
1860,0.99995697
1861,0.010169174
1862,0.62537897
1863,0.66041166
1864,0.16377053
1865,0.0013258316
1866,0.002194522
1867,0.0011449613
1868,0.00018224615
1869,0.9711574
1870,0.014862099
1871,0.99992645
1872,0.1181492
1873,0.02537222
1874,0.99465054
1875,0.989499
1876,0.01343652
1877,0.9994727
1878,0.9998777
1879,0.38430944
1880,0.0049421014
1881,0.12584424
1882,0.99969554
1883,0.97610915
1884,0.00032073492
1885,0.9027233
1886,0.78120637
1887,0.999985
1888,0.99699867
1889,0.99994886
1890,0.0021430769
1891,0.017877769
1892,0.0061829523
1893,0.99268097
1894,0.02326943
1895,0.9999517
1896,0.0003996777
1897,0.98633635
1898,0.9991216
1899,0.99997246
1900,0.99412584
1901,0.99674594
1902,0.075620614
1903,0.00024517375
1904,0.99955016
1905,0.9970482
1906,0.6557739
1907,0.006798372
1908,0.7683967
1909,0.99602246
1910,0.0014579992
1911,0.039279267
1912,0.2446012
1913,0.10851581
1914,0.99317837
1915,0.0001137686
1916,0.014634704
1917,0.8964124
1918,0.99971753
1919,0.9994252
1920,0.0020508245
1921,0.0002850444
1922,0.0014722182
1923,0.99987066
1924,0.95742214
1925,0.0006545057
1926,3.2537304e-05
1927,0.999943
1928,0.030868907
1929,0.98744893
1930,0.97238207
1931,0.019856274
1932,0.96571547
1933,0.999173
1934,0.9997234
1935,0.989764
1936,3.6787216e-05
1937,0.9992914
1938,0.0002711965
1939,0.002527328
1940,0.029463513
1941,0.011205451
1942,0.9905471
1943,0.99979764
1944,0.99349326
1945,0.99976176
1946,0.9887722
1947,0.21696483
1948,0.0038009123
1949,0.00030063957
1950,0.9996247
1951,0.99996483
1952,0.999874
1953,0.9946944
1954,0.009877136
1955,0.9972046
1956,0.9397296
1957,3.275339e-05
1958,0.9880747
1959,0.6187742
1960,0.99784017
1961,0.75935155
1962,0.0028469055
1963,0.00048745598
1964,0.9998306
1965,0.0003441958
1966,0.9999262
1967,0.37165734
1968,0.9373351
1969,0.999936
1970,0.8394016
1971,0.15127629
1972,0.011937768
1973,0.6127638
1974,0.00013119658
1975,0.08592809
1976,0.9686395
1977,0.99997544
1978,0.004762036
1979,8.120177e-05
1980,0.10870749
1981,0.9999676
1982,0.00058923376
1983,0.7935948
1984,0.99962866
1985,0.99938595
1986,0.007381339
1987,0.9997527
1988,0.99481356
1989,0.0040011085
1990,0.7848344
1991,0.90746516
1992,0.99998486
1993,0.29306385
1994,0.031607535
1995,0.8384125
1996,0.00058026006
1997,0.00012604716
1998,0.9996594
1999,0.008348164
2000,0.014473977
2001,0.9999156
2002,0.00355137
2003,0.24628095
2004,0.8414209
2005,0.3108535
2006,0.00030602913
2007,0.99808705
2008,0.7470716
2009,0.07112636
2010,0.9998777
2011,0.9725381
2012,0.9978629
2013,0.00048309533
2014,0.10015447
2015,0.0007446972
2016,0.00046135337
2017,0.9999548
2018,0.0011898556
2019,0.74456596
2020,0.9987839
2021,9.729496e-05
2022,1.8248815e-05
2023,0.7485623
2024,5.426897e-05
2025,2.2773485e-05
2026,0.8258171
2027,0.9941474
2028,0.99952495
2029,0.99997675
2030,0.5119052
2031,0.9961302
2032,0.0007143575
2033,0.006502785
2034,0.0001350202
2035,0.95204514
2036,0.99982697
2037,0.004730048
2038,0.20070359
2039,0.00020219787
2040,0.39072835
2041,0.9881175
2042,0.001088904
2043,7.768694e-05
2044,0.9997664
2045,0.9403093
2046,2.3938346e-06
2047,0.976487
2048,0.99922466
2049,0.008244102
2050,0.67649174
2051,0.9755313
2052,0.99895906
2053,0.9726911
2054,0.00018625737
2055,0.03510261
2056,3.6280442e-05
2057,0.973423
2058,0.9978071
2059,0.033981435
2060,0.029699476
2061,0.01986544
2062,7.6720156e-05
2063,0.00041913794
2064,0.00021099667
2065,0.018544924
2066,0.00033729718
2067,0.0009138184
2068,0.9998441
2069,0.999746
2070,8.487924e-05
2071,0.0051606977
2072,0.008737736
2073,0.99963963
2074,0.00050912885
2075,0.002395174
2076,0.99824226
2077,0.99971884
2078,0.00019716322
2079,0.9978929
2080,0.00011985877
2081,0.03578751
2082,0.9992964
2083,0.9983297
2084,0.0008879505
2085,0.99949574
2086,0.002429061
2087,0.9999385
2088,0.0006740948
2089,0.18967982
2090,0.0012366647
2091,0.9995952
2092,0.62629116
2093,0.9988336
2094,0.9960453
2095,0.94953895
2096,0.00039884393
2097,0.9998336
2098,0.9323517
2099,0.99960536
2100,0.9994653
2101,0.0006209982
2102,0.9997031
2103,0.99982244
2104,0.009665231
2105,0.94249076
2106,0.27289578
2107,0.22748303
2108,0.9989255
2109,0.00039873255
2110,0.9871471
2111,0.9996593
2112,0.9999155
2113,0.000100827005
2114,0.34782314
2115,0.9993249
2116,0.16325653
2117,0.0044991504
2118,0.00013784075
2119,0.9999385
2120,0.7793245
2121,0.9996356
2122,0.991281
2123,0.9998198
2124,5.418887e-05
2125,0.5519997
2126,0.98926497
2127,0.004657128
2128,0.9700903
2129,0.00010314676
2130,0.02980135
2131,0.015480993
2132,0.9991968
2133,0.037787646
2134,0.98257864
2135,0.93159294
2136,0.1179635
2137,0.0015171958
2138,0.0020298876
2139,0.00043023253
2140,0.99961734
2141,0.99997723
2142,0.99997413
2143,0.99346864
2144,0.12168409
2145,0.99911267
2146,0.0001581431
2147,0.97408676
2148,0.00040424903
2149,0.006295365
2150,0.00020226208
2151,0.41465884
2152,0.78807634
2153,0.0010802499
2154,0.0004867254
2155,0.002026333
2156,0.1292388
2157,0.91673875
2158,0.00021154905
2159,7.0037204e-05
2160,0.99982506
2161,0.9999167
2162,0.9992679
2163,0.0006916519
2164,0.08357761
2165,0.9974681
2166,0.99872905
2167,0.84853125
2168,0.10516282
2169,0.995782
2170,0.99980706
2171,0.00022502121
2172,0.025533464
2173,0.99988556
2174,0.30179122
2175,0.9354921
2176,0.00016732582
2177,0.061233304
2178,0.6443223
2179,0.9963192
2180,0.9997862
2181,0.026038213
2182,0.99263316
2183,0.9615699
2184,1.9046656e-05
2185,0.9341042
2186,0.99994624
2187,0.006986648
2188,0.1308495
2189,0.9991461
2190,2.0487496e-05
2191,0.90296334
2192,0.95977473
2193,0.00094405364
2194,0.00029162518
2195,0.16755518
2196,0.6297733
2197,0.99826694
2198,0.9997445
2199,2.789307e-05
2200,0.986016
2201,0.9992737
2202,0.0037181196
2203,0.00015200433
2204,0.9471446
2205,0.29502237
2206,0.9988055
2207,0.9999635
2208,0.0005724519
2209,0.9993476
2210,0.0021713306
2211,4.077495e-05
2212,0.522993
2213,0.9978083
2214,0.9484853
2215,0.9996761
2216,0.8623121
2217,0.68872356
2218,0.0068306513
2219,0.96460366
2220,0.0015719472
2221,0.999985
2222,0.99998915
2223,0.9998785
2224,0.000357422
2225,0.9979126
2226,0.999987
2227,0.96989185
2228,0.9888186
2229,0.99925905
2230,0.027657097
2231,6.394002e-05
2232,0.00088959374
2233,0.99985456
2234,0.00034695925
2235,0.35375512
2236,0.1161515
2237,0.012710872
2238,0.027934706
2239,0.9987326
2240,0.21489124
2241,0.0050358507
2242,0.9740448
2243,0.23286802
2244,0.0033246344
2245,2.2875854e-05
2246,0.36739597
2247,0.8070296
2248,0.9994241
2249,3.8961676e-05
2250,0.9999454
2251,0.99998593
2252,0.99005055
2253,0.9999685
2254,0.00021895947
2255,0.00020988428
2256,0.9997526
2257,0.9997013
2258,0.9914077
2259,0.13319254
2260,0.06427617
2261,0.5428887
2262,0.0015952035
2263,0.0006801436
2264,0.9656592
2265,0.00017609666
2266,1.2294562e-05
2267,0.99980766
2268,0.9998172
2269,0.99988186
2270,0.997493
2271,0.00032227422
2272,0.9962121
2273,0.99993706
2274,0.7873823
2275,0.19672206
2276,0.9410657
2277,0.99972063
2278,0.07371959
2279,0.0016021775
2280,7.151893e-05
2281,0.99965537
2282,0.0042128926
2283,0.9964311
2284,0.8727057
2285,0.9437518
2286,0.006779553
2287,0.9999659
2288,0.000380695
2289,0.00045496016
2290,0.9999894
2291,0.00014221879
2292,0.99954116
2293,0.9997316
2294,0.0011002425
2295,0.9991379
2296,0.99965477
2297,0.9978398
2298,0.9998299
2299,0.9996389
2300,0.006514443
2301,0.0003247651
2302,0.0013099987
2303,0.99925154
2304,0.9894784
2305,0.06700456
2306,0.90123886
2307,0.99999106
2308,0.9999479
2309,0.99994385
2310,0.85042125
2311,0.0023227371
2312,0.121196404
2313,0.9992482
2314,0.10535211
2315,0.00024641323
2316,0.034136128
2317,0.8736446
2318,0.0003685515
2319,0.003798403
2320,0.99189526
2321,0.9995665
2322,0.999668
2323,0.049640577
2324,0.5921709
2325,0.70760137
2326,0.99942636
2327,0.9876211
2328,0.00028884868
2329,0.00043092333
2330,0.0054085464
2331,0.99984396
2332,0.9928852
2333,9.379677e-05
2334,0.9971917
2335,0.999052
2336,0.8259903
2337,0.92137665
2338,0.99997604
2339,4.180492e-05
2340,0.9999881
2341,0.9455297
2342,0.0015975717
2343,0.8935895
2344,0.0011550637
2345,0.9772076
2346,0.7260974
2347,0.99799997
2348,0.9971814
2349,0.0099140955
2350,0.9998411
2351,0.007924438
2352,0.9998851
2353,0.9258261
2354,0.8943879
2355,0.00025136766
2356,0.0436643
2357,0.91378146
2358,0.00033921527
2359,0.9986547
2360,0.9997074
2361,0.9966149
2362,0.34769943
2363,0.9912685
2364,0.99998105
2365,0.9904641
2366,0.004844088
2367,0.60135233
2368,7.307915e-05
2369,0.9994123
2370,0.00025251321
2371,0.99529076
2372,0.99995315
2373,0.01844981
2374,0.41079322
2375,0.17576443
2376,0.9983419
2377,0.9932515
2378,0.00034760535
2379,0.0074297055
2380,0.0022948408
2381,0.9997564
2382,0.9916152
2383,0.16076046
2384,0.9956142
2385,0.004531012
2386,0.00096275867
2387,0.9970425
2388,0.99736845
2389,0.67480147
2390,0.67505974
2391,0.17643794
2392,1.825172e-05
2393,0.8662227
2394,0.00042139107
2395,0.381672
2396,0.61673796
2397,0.99742365
2398,0.99910516
2399,0.9994097
2400,0.99967074
2401,0.9036683
2402,0.0008668173
2403,0.00052914873
2404,0.3449493
2405,0.00022523371
2406,0.9996271
2407,0.0001826595
2408,0.00070689886
2409,0.7808154
2410,3.2521668e-05
2411,0.39557076
2412,0.99967635
2413,0.9999727
2414,0.8783687
2415,0.9917086
2416,0.09839912
2417,0.9998661
2418,0.00013744608
2419,0.12823038
2420,0.061317287
2421,0.012176111
2422,0.9987827
2423,0.04336571
2424,0.00011365324
2425,0.00028866174
2426,0.0035134493
2427,0.1750193
2428,4.932979e-05
2429,0.0029189487
2430,0.52708113
2431,0.0004981438
2432,0.00027692594
2433,0.999569
2434,0.15377627
2435,0.9711637
2436,0.006576079
2437,0.999941
2438,4.94423e-05
2439,0.4807373
2440,0.9883664
2441,0.00018052683
2442,0.999859
2443,0.9994617
2444,0.9670674
2445,0.9995958
2446,0.0001858249
2447,0.000114867085
2448,0.99756193
2449,0.0034713997
2450,0.9927723
2451,0.7169738
2452,0.0012051361
2453,0.99991906
2454,0.05090123
2455,0.9991841
2456,0.017760731
2457,0.999138
2458,0.38295612
2459,0.93297213
2460,0.9992836
2461,0.00040027668
2462,0.9109813
2463,0.10059476
2464,0.8855877
2465,0.9981165
2466,0.0118659
2467,0.995654
2468,0.005307128
2469,1.0845305e-05
2470,2.7064218e-05
2471,0.024764119
2472,0.9988825
2473,0.9976999
2474,0.9997831
2475,0.004469753
2476,0.9998833
2477,0.00025739265
2478,0.0010001456
2479,0.99141735
2480,0.9999461
2481,0.029798958
2482,0.99941707
2483,0.9973248
2484,0.9979873
2485,0.9999565
2486,0.00020926225
2487,0.029671108
2488,0.0005685645
2489,0.8125777
2490,0.99989307
2491,0.6391101
2492,0.99902344
2493,3.5544384e-05
2494,0.24455403
2495,0.013806021
2496,0.93966526
2497,1.8559003e-05
2498,0.05601452
2499,0.98969436
2500,0.34705737
2501,0.99977154
2502,0.99966204
2503,0.86522365
2504,0.0005693316
2505,0.00075569545
2506,9.371953e-05
2507,0.9994886
2508,0.33048677
2509,0.020115085
2510,0.0005859461
2511,0.9999913
2512,0.00790556
2513,0.99825925
2514,0.9997532
2515,0.9998324
2516,0.00010407667
2517,0.0074117864
2518,1.703066e-05
2519,0.0028175523
2520,0.9992761
2521,0.11131881
2522,0.9996138
2523,0.9931753
2524,0.0029104066
2525,0.9990833
2526,0.99979514
2527,0.9999753
2528,4.6767203e-05
2529,0.89048666
2530,0.092026345
2531,0.0012870486
2532,0.99963534
2533,1.3010366e-05
2534,0.99912125
2535,0.82198316
2536,0.9918468
2537,0.9105894
2538,0.98334044
2539,0.9995915
2540,0.99054223
2541,0.052719463
2542,0.9997776
2543,0.99999785
2544,0.9958117
2545,0.0008663474
2546,0.9999932
2547,4.667048e-05
2548,0.0020309263
2549,0.9937488
2550,0.16996472
2551,0.98726183
2552,0.9998863
2553,0.9772808
2554,0.9999114
2555,1.8562172e-05
2556,0.96364766
2557,7.170283e-05
2558,0.00017091059
2559,0.018178271
2560,0.00047546078
2561,0.99770194
2562,0.950601
2563,0.00025961277
2564,0.9994123
2565,0.95028204
2566,0.94560534
2567,0.9155759
2568,0.99992025
2569,0.9999188
2570,0.9999695
2571,0.9425363
2572,0.011199681
2573,0.22307464
2574,0.00020541644
2575,0.61834854
2576,0.99992025
2577,2.2623324e-05
2578,0.00015085151
2579,0.9996662
2580,0.9996855
2581,0.99977773
2582,0.99991155
2583,0.18793938
2584,0.0002096209
2585,0.98828214
2586,0.0012668292
2587,1.30449425e-05
2588,2.8631574e-05
2589,0.017853856
2590,0.9992073
2591,5.433577e-05
2592,0.99927384
2593,0.0012288147
2594,0.0042158724
2595,0.15039489
2596,0.0561725
2597,0.35799736
2598,0.9868241
2599,0.99998057
2600,0.3280655
2601,0.9996542
2602,0.99968374
2603,0.008687119
2604,0.98548234
2605,0.9975625
2606,0.52756524
2607,0.0012010519
2608,0.15834627
2609,0.012562103
2610,0.99659795
2611,0.01984775
2612,0.0003907452
2613,0.9953792
2614,0.004527456
2615,0.999918
2616,0.9949896
2617,0.99997604
2618,0.08173861
2619,0.0024271484
2620,0.000494145
2621,3.2726508e-05
2622,0.040439248
2623,0.00030804338
2624,0.028763998
2625,0.99644166
2626,0.99050784
2627,0.9994987
2628,0.00038008086
2629,0.99952626
2630,0.9991543
2631,0.97632194
2632,7.1266215e-05
2633,0.9996166
2634,0.0041560545
2635,0.002537915
2636,0.0004764589
2637,0.00059602025
2638,0.9920139
2639,0.9965881
2640,0.0013304967
2641,0.9976326
2642,0.9961324
2643,0.889814
2644,0.0023873115
2645,0.9990765
2646,0.0057572704
2647,0.90087837
2648,0.001211243
2649,0.99994624
2650,1.6916865e-05
2651,0.9978416
2652,0.99965274
2653,0.9999553
2654,0.999858
2655,0.020780336
2656,9.3380804e-05
2657,0.72406524
2658,0.0003267079
2659,0.9989303
2660,0.99667525
2661,0.99805224
2662,0.45734006
2663,2.426319e-05
2664,2.4645695e-05
2665,0.20614068
2666,0.000114861716
2667,0.4543696
2668,0.9997676
2669,0.947072
2670,0.9782104
2671,0.0145684825
2672,0.0021267869
2673,0.9999914
2674,0.0027450533
2675,0.9509924
2676,0.9817785
2677,9.200064e-05
2678,0.99190056
2679,0.033412717
2680,0.9999763
2681,0.37658343
2682,0.47806633
2683,0.999977
2684,0.09621772
2685,0.00024950787
2686,0.9999546
2687,0.9959132
2688,0.872873
2689,0.0011622958
2690,0.0007096251
2691,0.995118
2692,0.98891246
2693,0.9984811
2694,0.00040993816
2695,0.9978947
2696,0.2085794
2697,0.15668975
2698,4.931173e-05
2699,0.7445006
2700,0.999681
2701,0.99868304
2702,0.058938816
2703,0.0019060875
2704,9.447099e-05
2705,0.0031697524
2706,0.25178853
2707,0.0004800521
2708,0.9986603
2709,0.99989295
2710,0.1638727
2711,0.99931765
2712,0.9997937
2713,0.10777618
2714,0.00011337213
2715,0.005825958
2716,0.00025835843
2717,0.99993646
2718,0.113040924
2719,0.999681
2720,0.999637
2721,0.9967558
2722,6.767364e-05
2723,0.99966204
2724,0.0012839615
2725,0.9665172
2726,0.00014477746
2727,0.99602664
2728,0.0022059735
2729,0.0005272339
2730,0.9980878
2731,0.936658
2732,0.9979079
2733,0.9978956
2734,0.99966717
2735,0.000982067
2736,0.00023589595
2737,0.96780884
2738,0.9990363
2739,0.0046203863
2740,0.0008897773
2741,0.999871
2742,0.896399
2743,0.709412
2744,0.6111891
2745,0.26700774
2746,0.0068044565
2747,7.903563e-05
2748,0.021095976
2749,0.92703855
2750,0.8189752
2751,0.1412113
2752,0.0033643781
2753,0.45738134
2754,0.90085965
2755,0.000995395
2756,0.9990403
2757,0.00052157685
2758,0.00016777348
2759,0.9996038
2760,0.9714526
2761,0.99728644
2762,0.99890745
2763,0.99993646
2764,0.0049057896
2765,0.006370467
2766,0.0038866785
2767,5.640242e-06
2768,0.001055825
2769,0.9989736
2770,0.9980666
2771,0.99156636
2772,0.26403815
2773,4.0445306e-05
2774,0.75512457
2775,0.99889404
2776,3.7945334e-05
2777,0.95900756
2778,0.8380921
2779,0.0013555314
2780,0.97146106
2781,0.015090953
2782,0.95623946
2783,4.2475174e-05
2784,0.02105283
2785,0.95331365
2786,0.0016668442
2787,0.0084301075
2788,0.07807423
2789,0.00032822482
2790,2.800683e-05
2791,0.27815658
2792,0.9858344
2793,0.11927831
2794,0.00029469348
2795,0.9309126
2796,0.767872
2797,0.99997747
2798,0.99972194
2799,0.0009065942
2800,0.28890595
2801,0.38643232
2802,0.0029127668
2803,0.0013318508
2804,0.97960347
2805,0.999951
2806,1.5576097e-05
2807,0.98402923
2808,0.9981316
2809,0.27639514
2810,0.9979401
2811,0.0027505623
2812,0.656977
2813,0.0036486415
2814,0.9600172
2815,0.99980694
2816,0.5487057
2817,0.63413465
2818,0.7269148
2819,0.97914064
2820,0.0030214852
2821,0.0019493874
2822,0.99932647
2823,0.39176852
2824,0.99902284
2825,0.7984891
2826,1.639896e-05
2827,0.06652137
2828,0.9930936
2829,3.388319e-05
2830,0.9999782
2831,0.0011492397
2832,0.0086895665
2833,0.9016226
2834,9.8544195e-05
2835,0.18536833
2836,0.9997398
2837,0.03567253
2838,0.9816766
2839,2.2978049e-05
2840,0.002155047
2841,0.99694675
2842,0.0017059984
2843,5.190329e-05
2844,0.9997627
2845,0.54322404
2846,0.99750227
2847,0.00075783767
2848,0.14574987
2849,0.024970723
2850,0.4696137
2851,0.00020950101
2852,0.013510257
2853,0.9998474
2854,0.99966216
2855,0.16805989
2856,3.0616266e-05
2857,0.00016582281
2858,0.14080158
2859,0.8137868
2860,0.52653337
2861,0.68142253
2862,0.9998568
2863,0.0005026883
2864,0.9998646
2865,0.99995446
2866,0.8843153
2867,0.9994636
2868,0.013089527
2869,0.98686415
2870,0.99982375
2871,0.99986255
2872,0.0009526001
2873,0.9999969
2874,0.00017769939
2875,0.9713997
2876,0.9997272
2877,0.9937196
2878,0.00011371948
2879,0.018064154
2880,0.70044476
2881,0.00017226447
2882,0.00038593885
2883,0.9066662
2884,0.0005385928
2885,0.020219434
2886,0.96239895
2887,0.99968994
2888,0.02334992
2889,0.9999627
2890,0.992347
2891,0.3930964
2892,0.99924207
2893,0.00013243881
2894,0.9999238
2895,0.064554475
2896,0.9466477
2897,0.9999902
2898,0.00028497758
2899,0.9998833
2900,0.9926292
2901,0.9504013
2902,0.98255664
2903,0.00045025075
2904,0.97887164
2905,0.010109452
2906,0.18059103
2907,0.9993344
2908,0.063620366
2909,3.1242973e-05
2910,0.9984988
2911,0.0031876431
2912,0.0016049562
2913,0.018501436
2914,0.9924656
2915,0.0033146462
2916,0.47464037
2917,0.9992091
2918,0.9998708
2919,0.9998247
2920,0.99997056
2921,0.99999464
2922,0.99997056
2923,2.494957e-05
2924,0.9997117
2925,0.96177053
2926,0.9998436
2927,0.03840519
2928,0.99549735
2929,0.9991217
2930,0.9980888
2931,0.99931276
2932,0.9988875
2933,0.9992798
2934,0.80593365
2935,0.33207917
2936,0.00011298933
2937,0.9995677
2938,0.006509979
2939,0.9984517
2940,0.9993143
2941,0.9996933
2942,0.08500884
2943,0.8380581
2944,1.9147936e-05
2945,0.019901928
2946,0.8283246
2947,0.99929607
2948,0.9998604
2949,0.0011559994
2950,0.9998735
2951,0.99973077
2952,0.00031652141
2953,0.9994184
2954,0.5605681
2955,0.99944586
2956,0.32596573
2957,0.0019470406
2958,0.9904489
2959,0.9998486
2960,0.9562442
2961,0.00019385183
2962,4.8806236e-05
2963,0.8323599
2964,0.99998295
2965,7.938429e-05
2966,6.004891e-05
2967,0.99919826
2968,0.9473534
2969,0.92297083
2970,0.9999249
2971,0.99978644
2972,0.18351403
2973,0.8684535
2974,0.9996979
2975,0.9997247
2976,0.9998815
2977,0.5578755
2978,0.99999416
2979,0.99997056
2980,2.8963152e-05
2981,0.0001428787
2982,0.00011103918
2983,0.005873997
2984,0.99931
2985,0.30972713
2986,0.17823608
2987,0.99878603
2988,0.008146522
2989,0.00014384805
2990,0.00027685863
2991,0.9996698
2992,5.6485544e-05
2993,0.3643432
2994,0.0018243898
2995,0.99551964
2996,0.121635854
2997,0.9847419
2998,0.00018273492
2999,0.025711766
3000,0.00013310563
3001,0.00020267368
3002,0.51564866
3003,0.9879659
3004,0.995037
3005,0.9999542
3006,0.999997
3007,7.90645e-05
3008,0.9998203
3009,0.94680595
3010,0.93241626
3011,0.0013720283
3012,0.0005382549
3013,0.01141109
3014,0.83855104
3015,5.25296e-05
3016,9.2433474e-05
3017,0.00012460513
3018,0.9966883
3019,0.9998423
3020,0.99721116
3021,0.9982084
3022,0.022803629
3023,0.11512978
3024,0.0001453041
3025,0.00038939333
3026,0.0010211836
3027,0.99982846
3028,0.99977714
3029,0.39156002
3030,8.570685e-06
3031,0.99960333
3032,0.99817896
3033,0.9998727
3034,0.8532653
3035,0.0003126197
3036,0.00020285675
3037,0.99996746
3038,0.0003141461
3039,0.9998324
3040,0.0003172852
3041,1.2876489e-05
3042,0.99895585
3043,0.9994547
3044,0.99952364
3045,0.0040030433
3046,0.9951871
3047,0.5523237
3048,0.9989843
3049,0.97212064
3050,0.9996382
3051,0.9004369
3052,0.00019513922
3053,0.9266075
3054,0.00090951944
3055,0.00010245821
3056,0.98584795
3057,0.9998311
3058,0.99998164
3059,1.3539504e-06
3060,0.5350278
3061,0.00017534153
3062,0.99992704
3063,0.99327636
3064,0.9934529
3065,6.833386e-05
3066,0.9995697
3067,0.00035257605
3068,0.99975973
3069,0.58787626
3070,0.9998987
3071,0.97676045
3072,0.00018087505
3073,0.9999713
3074,0.0025747495
3075,0.4108998
3076,0.008737769
3077,0.97509515
3078,0.0010568383
3079,9.891485e-05
3080,0.9998411
3081,0.9998324
3082,2.924877e-05
3083,0.010315191
3084,0.23743403
3085,0.6376244
3086,0.9999838
3087,0.99782616
3088,0.9814145
3089,0.9822151
3090,0.958859
3091,0.010329537
3092,0.999696
3093,0.0004657906
3094,0.99987066
3095,0.11628648
3096,5.7972073e-05
3097,0.9911238
3098,0.99987495
3099,0.98214346
3100,0.9985857
3101,0.0003520692
3102,0.78403616
3103,0.0017167699
3104,0.1810218
3105,0.99921477
3106,0.00024729464
3107,0.04300383
3108,0.00012403041
3109,0.010776076
3110,0.00017856067
3111,0.0019601227
3112,0.9803842
3113,0.9545502
3114,0.9568039
3115,0.99995375
3116,0.6789335
3117,0.80841905
3118,0.9596579
3119,0.009914653
3120,0.0058767074
3121,0.027379746
3122,0.032028336
3123,0.9586818
3124,0.06221132
3125,0.906497
3126,0.9997551
3127,0.99900097
3128,0.9709642
3129,0.9989003
3130,0.99986136
3131,0.9912354
3132,0.9999932
3133,6.766641e-05
3134,2.7002448e-05
3135,0.38756797
3136,0.00021990723
3137,0.025770267
3138,0.99989104
3139,0.9997795
3140,0.99884194
3141,0.0034377035
3142,0.81332755
3143,0.015537652
3144,0.2759763
3145,0.99997866
3146,0.9998981
3147,0.9989593
3148,0.9998888
3149,0.61351895
3150,3.211093e-05
3151,0.8692076
3152,0.99991345
3153,0.9969779
3154,0.87842923
3155,0.010092287
3156,0.9997818
3157,0.99999833
3158,0.9901682
3159,0.99817455
3160,0.000110927096
3161,0.9998803
3162,0.00057997205
3163,0.008148187
3164,0.99984896
3165,0.00012577043
3166,0.0012459981
3167,0.9996927
3168,0.9986285
3169,0.9829543
3170,0.7558839
3171,0.9997141
3172,0.0017811991
3173,0.99967945
3174,0.99778396
3175,8.5920154e-05
3176,0.9998878
3177,0.008173587
3178,0.9984382
3179,0.009273278
3180,0.99944013
3181,0.00089881505
3182,0.98524183
3183,0.9102406
3184,0.99936074
3185,0.9999838
3186,0.9995104
3187,0.000231251
3188,0.9996853
3189,0.9984939
3190,0.0027440365
3191,0.00011982643
3192,0.00079504587
3193,0.00013039587
3194,7.105551e-05
3195,0.9978908
3196,0.9121165
3197,0.0015054488
3198,5.1633844e-05
3199,0.0033225177
3200,0.97030634
3201,0.9999833
3202,0.9999676
3203,0.927637
3204,0.00128069
3205,0.0035779625
3206,0.99964476
3207,0.99998534
3208,0.99825424
3209,0.018199932
3210,0.64597154
3211,0.96058726
3212,0.029569
3213,0.0009940469
3214,0.9997662
3215,0.9985121
3216,0.9999722
3217,0.82749695
3218,0.96417856
3219,0.0025028726
3220,0.0007195789
3221,0.0010484158
3222,0.99405164
3223,0.9829228
3224,0.89535064
3225,0.9929355
3226,0.99998796
3227,0.268818
3228,4.4691965e-06
3229,0.9869615
3230,0.99929917
3231,0.9952678
3232,0.9877203
3233,5.4475597e-05
3234,0.9996644
3235,0.067484744
3236,0.1696095
3237,0.14375262
3238,0.08019383
3239,0.9999219
3240,0.97864157
3241,0.99246186
3242,0.0001239558
3243,0.9650253
3244,0.99979264
3245,0.9988636
3246,0.001899409
3247,0.85674196
3248,0.00850399
3249,0.63356584
3250,0.003464597
3251,0.0007817966
3252,0.99513865
3253,4.2443833e-05
3254,0.00024463178
3255,0.000801773
3256,0.0022536672
3257,0.9943704
3258,0.99954456
3259,0.99853337
3260,0.2036315
3261,0.9997836
3262,0.9010291
3263,0.9996464
3264,0.99981993
3265,0.76239836
3266,0.7562872
3267,0.19074889
3268,0.00046017865
3269,8.9620946e-05
3270,0.0034691982
3271,0.9997372
3272,0.0011037078
3273,0.99935573
3274,0.99275243
3275,0.9802847
3276,0.21072853
3277,0.00013391301
3278,0.80386794
3279,0.99962044
3280,0.00013381703
3281,0.027442265
3282,0.00029594047
3283,0.99973613
3284,0.99758685
3285,0.0030357016
3286,0.7539108
3287,0.9132945
3288,0.99957305
3289,0.1151281
3290,0.00043539374
3291,0.001118623
3292,0.9999167
3293,4.6277197e-05
3294,0.11464092
3295,0.99982566
3296,0.99862814
3297,0.48195633
3298,3.1662774e-05
3299,0.19548841
3300,0.0029962228
3301,1.6865977e-05
3302,0.00021691085
3303,0.9998523
3304,0.99949074
3305,0.0003771073
3306,0.005077319
3307,0.0030430632
3308,0.9953484
3309,0.99969876
3310,0.99996793
3311,0.002759758
3312,0.87282866
3313,0.6583826
3314,0.994046
3315,0.21513858
3316,0.00021229101
3317,0.002945118
3318,0.9996369
3319,0.8316148
3320,0.011625524
3321,0.9998104
3322,0.0006772723
3323,0.9998404
3324,0.0015295729
3325,0.99636817
3326,0.61472845
3327,0.9997844
3328,0.00031003862
3329,0.00030055674
3330,0.0008824016
3331,0.98778915
3332,0.02872439
3333,0.0004313997
3334,0.0008527702
3335,0.9986773
3336,0.4493193
3337,7.093723e-05
3338,0.60222167
3339,0.99996316
3340,0.9916802
3341,0.9621271
3342,5.2308205e-05
3343,0.0006048293
3344,0.00015677653
3345,4.1232524e-05
3346,0.0016965129
3347,0.93388426
3348,0.9996075
3349,0.99989426
3350,4.3190794e-05
3351,0.9471869
3352,0.026641257
3353,0.99969256
3354,0.9997733
3355,0.9982887
3356,0.004133336
3357,0.35195538
3358,0.28877926
3359,0.99869543
3360,0.9949504
3361,0.0074244114
3362,0.019659042
3363,0.00010168276
3364,0.99994767
3365,0.39875275
3366,0.9999765
3367,0.98895824
3368,0.8811865
3369,0.5690425
3370,0.9725769
3371,0.9981029
3372,0.9816466
3373,0.00044714
3374,0.9983461
3375,0.79328483
3376,0.44477293
3377,0.00022546579
3378,0.0010783061
3379,0.9995247
3380,0.99776745
3381,0.96991426
3382,0.27222365
3383,0.9996295
3384,0.99897987
3385,0.9999355
3386,0.9998485
3387,0.044515494
3388,0.065497875
3389,0.9999002
3390,0.9794087
3391,0.99995637
3392,0.999928
3393,0.0012775724
3394,4.9206225e-05
3395,0.0010772974
3396,0.998993
3397,0.98934525
3398,0.99905556
3399,0.00390131
3400,0.9930663
3401,0.9853705
3402,0.011849815
3403,0.91255915
3404,0.009047091
3405,0.000110863344
3406,0.01772776
3407,0.99964917
3408,0.9903471
3409,4.2079984e-05
3410,0.013201803
3411,0.034182496
3412,0.2491908
3413,0.99931705
3414,0.7288113
3415,0.9988525
3416,0.00016310302
3417,1.852657e-05
3418,0.99988246
3419,0.9990445
3420,5.1184332e-05
3421,0.99871993
3422,0.03301846
3423,0.9898112
3424,0.0010278128
3425,0.9999423
3426,0.015365493
3427,0.99934703
3428,0.998955
3429,0.1878064
3430,0.99960893
3431,1.765262e-05
3432,0.00020976544
3433,0.12599543
3434,0.99802184
3435,0.0022104827
3436,0.009089336
3437,0.08856267
3438,0.99994516
3439,2.9500436e-05
3440,0.9996382
3441,0.9997693
3442,0.99961877
3443,0.9999715
3444,7.420541e-05
3445,0.9999232
3446,0.9999789
3447,0.020666998
3448,0.01612846
3449,0.7490856
3450,0.9999474
3451,0.99992466
3452,0.27174297
3453,0.9991968
3454,6.0326956e-06
3455,0.99955875
3456,0.9950624
3457,0.00029516895
3458,0.46406767
3459,0.9996687
3460,0.99987507
3461,0.99988055
3462,0.22136392
3463,6.148773e-05
3464,0.9953721
3465,0.9998555
3466,8.7557004e-05
3467,0.31557655
3468,0.9983707
3469,0.9998636
3470,0.9975768
3471,0.45847806
3472,0.63274634
3473,2.5025609e-05
3474,0.00034355882
3475,0.0026637209
3476,0.99411845
3477,0.114781834
3478,0.87096345
3479,0.7264701
3480,0.9332263
3481,0.9997831
3482,0.6342557
3483,0.071578376
3484,0.9941923
3485,2.967668e-05
3486,0.10276021
3487,0.9839639
3488,0.99991333
3489,4.251274e-05
3490,0.00038907348
3491,0.01765503
3492,0.43106368
3493,5.6843204e-05
3494,0.9996729
3495,0.9694304
3496,0.9977729
3497,0.999814
3498,0.60772526
3499,0.5283288
3500,0.9997483
3501,0.99998975
3502,0.0005916971
3503,0.00052974577
3504,0.9928929
3505,0.9262894
3506,4.0560215e-05
3507,0.99091196
3508,0.9998122
3509,0.99575585
3510,0.82612264
3511,0.0062730527
3512,0.9995845
3513,0.9972072
3514,0.999915
3515,5.6240395e-05
3516,5.6068446e-05
3517,0.9997646
3518,0.9995845
3519,2.6092144e-05
3520,0.0005835793
3521,0.6939836
3522,0.6806687
3523,0.9997229
3524,0.05185434
3525,0.9959229
3526,0.99998534
3527,0.99951184
3528,0.9976527
3529,0.99170786
3530,0.0007394933
3531,0.9999844
3532,0.0007283727
3533,0.7841535
3534,0.9998609
3535,0.004423033
3536,0.0012819208
3537,0.99997795
3538,0.9999615
3539,0.9995703
3540,0.930476
3541,0.9955514
3542,0.87806225
3543,0.124851376
3544,0.981473
3545,0.00013927293
3546,0.0012911021
3547,0.9912469
3548,0.998911
3549,0.0015632191
3550,0.005550862
3551,0.98708224
3552,0.9954971
3553,0.0001409984
3554,0.99977916
3555,0.72039914
3556,0.9996605
3557,0.006934407
3558,0.05239791
3559,0.71928984
3560,2.9707799e-05
3561,0.7556862
3562,0.0010445148
3563,0.9999814
3564,0.69872886
3565,0.00929458
3566,0.99529856
3567,0.880689
3568,0.9999505
3569,0.2713909
3570,0.0045997635
3571,0.6931746
3572,0.98648536
3573,0.0034646415
3574,0.014942431
3575,0.477016
3576,0.00075605017
3577,0.8268081
3578,0.9999112
3579,0.9994905
3580,0.0008839576
3581,0.8299311
3582,0.9991455
3583,0.98622453
3584,0.61217666
3585,0.9999349
3586,0.00025672503
3587,0.00012966804
3588,0.00043663147
3589,0.00031569926
3590,0.97176987
3591,7.0520204e-05
3592,0.00029910804
3593,0.99892515
3594,0.9999627
3595,0.006499914
3596,0.9999583
3597,0.9984504
3598,0.9999262
3599,0.0009400989
3600,0.0003491379
3601,0.82787925
3602,0.9441237
3603,0.00015883858
3604,0.98568416
3605,0.0055098697
3606,0.999946
3607,0.99847716
3608,0.0043358104
3609,0.9750142
3610,0.9585735
3611,0.0008461552
3612,0.019639267
3613,0.0021739812
3614,0.017773421
3615,0.024309117
3616,0.9946537
3617,0.001363132
3618,0.9997156
3619,0.45587695
3620,0.0019978257
3621,0.19648376
3622,0.9738565
3623,0.050444588
3624,0.9757284
3625,0.99980086
3626,0.79624593
3627,0.9165008
3628,0.9931015
3629,0.0002519637
3630,1.7483324e-05
3631,0.99206585
3632,0.9186019
3633,0.9999912
3634,2.9469027e-05
3635,0.023347115
3636,0.064195976
3637,0.060033288
3638,0.02044736
3639,2.4867904e-05
3640,0.9787597
3641,0.0064497036
3642,0.99898344
3643,0.3689185
3644,0.9985207
3645,0.8995449
3646,0.096414424
3647,0.100366145
3648,0.999985
3649,0.9999709
3650,0.99950445
3651,0.9999671
3652,0.41078615
3653,0.9985422
3654,0.009351847
3655,0.0018405688
3656,0.96443105
3657,0.9934683
3658,0.00012423057
3659,0.000253627
3660,0.99989855
3661,0.0006089009
3662,0.9992113
3663,0.9833824
3664,3.7927064e-05
3665,0.99968076
3666,0.00031192158
3667,0.037408844
3668,0.008463151
3669,0.99810505
3670,0.0005063137
3671,0.8608371
3672,0.9998171
3673,0.092396334
3674,0.99698704
3675,0.0016754367
3676,0.032561883
3677,0.00017857905
3678,0.002581384
3679,0.018909687
3680,0.019311314
3681,0.7398374
3682,0.8737729
3683,0.9999609
3684,0.026677785
3685,0.9947135
3686,0.15151525
3687,0.0002728821
3688,0.00077617983
3689,0.010898919
3690,0.25883973
3691,0.9999827
3692,6.936781e-05
3693,0.9995371
3694,0.01558099
3695,0.99129033
3696,0.0011578784
3697,0.0023165948
3698,0.98131955
3699,0.14305471
3700,0.9847764
3701,0.9031601
3702,1.5246192e-05
3703,0.53667253
3704,0.00014995875
3705,5.737014e-05
3706,0.26459926
3707,0.99987745
3708,0.99995434
3709,0.003501363
3710,0.26659098
3711,0.99926716
3712,0.9779829
3713,0.00059856666
3714,0.0011150977
3715,0.9999813
3716,0.9984475
3717,0.0013419329
3718,0.0036327648
3719,0.010308427
3720,0.98643064
3721,0.00010096806
3722,0.9327302
3723,4.2624863e-05
3724,0.99984765
3725,0.9760774
3726,0.9996519
3727,0.00029911744
3728,0.9999063
3729,9.3439594e-05
3730,0.9923409
3731,0.34880573
3732,0.47215644
3733,0.041776374
3734,0.00014335183
3735,0.019019628
3736,0.21786156
3737,0.005574565
3738,4.6221758e-05
3739,0.009969309
3740,0.5415599
3741,0.0001868955
3742,0.11539557
3743,0.7744575
3744,0.7037472
3745,0.009009915
3746,0.00019665928
3747,0.0026370173
3748,0.99699306
3749,0.05340221
3750,0.8881569
3751,0.0039694863
3752,0.99664104
3753,0.00026406182
3754,0.0018477382
3755,0.979481
3756,0.00192899
3757,0.09125742
3758,0.80507517
3759,9.323577e-05
3760,0.03050634
3761,0.0005941528
3762,0.9979898
3763,0.00033003849
3764,0.99920326
3765,0.0023645463
3766,0.00022919315
3767,0.9995782
3768,0.9807411
3769,0.9997799
3770,0.99975497
3771,0.00033401483
3772,0.03993866
3773,0.3159532
3774,0.9998554
3775,0.00023350646
3776,0.0004280291
3777,0.9999796
3778,0.00018398181
3779,0.22953244
3780,0.9995345
3781,0.7607561
3782,0.9844114
3783,0.0013318362
3784,0.9999894
3785,0.8706416
3786,0.03088563
3787,0.08733249
3788,0.0003375465
3789,0.00021983932
3790,0.8759617
3791,0.000951867
3792,0.9996309
3793,3.610359e-05
3794,0.0025185763
3795,0.99651563
3796,0.0002419833
3797,0.0002982617
3798,0.0003714419
3799,0.99956805
3800,0.622212
3801,0.0009791609
3802,0.9999064
3803,0.9986743
3804,8.359092e-05
3805,0.029254714
3806,6.3173386e-05
3807,1.2504689e-05
3808,0.00092556386
3809,8.186216e-05
3810,0.0013721896
3811,0.9999825
3812,0.008969821
3813,0.9978677
3814,0.99968386
3815,0.0015247166
3816,0.0010934632
3817,0.9818132
3818,0.43169996
3819,0.29173043
3820,0.00046293088
3821,0.9457794
3822,0.9913037
3823,0.9985966
3824,0.0024680945
3825,0.995983
3826,0.4241637
3827,2.775472e-05
3828,0.4900922
3829,0.9998323
3830,0.0019824782
3831,0.02496073
3832,0.9999367
3833,0.99987984
3834,0.41717502
3835,0.00020365015
3836,0.00035312335
3837,0.93341583
3838,0.02471689
3839,0.99622416
3840,0.0016490638
3841,0.2401913
3842,0.98572195
3843,0.9987948
3844,0.008707712
3845,0.8074681
3846,0.9909697
3847,0.99870634
3848,0.75135416
3849,0.99997914
3850,0.010498311
3851,0.9938526
3852,0.011938555
3853,0.9713996
3854,0.18570952
3855,0.99863106
3856,0.9999478
3857,0.000540406
3858,0.99922013
3859,0.0021508406
3860,0.49995553
3861,0.00047627543
3862,0.050562553
3863,0.9998944
3864,0.6510307
3865,0.10319279
3866,0.99972993
3867,0.0017734987
3868,0.9989497
3869,0.9163375
3870,9.9641424e-05
3871,0.9982527
3872,0.98828715
3873,9.8969e-05
3874,0.970562
3875,0.99987817
3876,0.9999548
3877,0.93025374
3878,5.1646744e-05
3879,0.31433225
3880,0.0063377265
3881,0.99805224
3882,0.73986876
3883,0.9987514
3884,0.57556266
3885,4.6826276e-06
3886,0.9871567
3887,0.99987054
3888,0.99127793
3889,0.9999937
3890,0.0007857341
3891,2.3180093e-05
3892,0.9998161
3893,0.99949205
3894,0.99880874
3895,9.46193e-05
3896,0.9983919
3897,0.9998622
3898,0.99986327
3899,0.98079747
3900,0.99993443
3901,0.0011948632
3902,5.780894e-05
3903,0.0031730358
3904,0.9763683
3905,0.9991015
3906,0.000101538106
3907,0.084701516
3908,0.9991736
3909,0.012826749
3910,0.044173907
3911,0.04776011
3912,0.999979
3913,0.046554577
3914,0.0046651494
3915,0.010420266
3916,0.0028063382
3917,0.08386179
3918,0.34504527
3919,0.9999746
3920,0.99998295
3921,0.99984086
3922,0.9440778
3923,3.3219265e-05
3924,0.000515029
3925,0.99986863
3926,5.109348e-05
3927,0.00046232765
3928,0.91563773
3929,0.9988992
3930,0.0032290984
3931,0.0009664633
3932,0.99943143
3933,0.9864661
3934,0.915704
3935,0.99997747
3936,0.99255717
3937,5.520497e-05
3938,2.6336034e-05
3939,0.9997774
3940,0.02170159
3941,0.9993181
3942,0.02246469
3943,0.99967694
3944,0.011047018
3945,0.0016505144
3946,0.09116303
3947,0.999356
3948,0.08510495
3949,0.078283526
3950,0.003983536
3951,0.63982195
3952,0.99986565
3953,0.0005987809
3954,0.99983776
3955,0.6152375
3956,0.93145525
3957,9.670095e-05
3958,0.99430156
3959,0.00023624166
3960,0.0017977084
3961,0.3968652
3962,0.016598407
3963,0.991281
3964,0.052738134
3965,0.98367333
3966,0.018960819
3967,0.99638367
3968,0.3706247
3969,0.003984631
3970,0.88671553
3971,0.7405571
3972,0.0008965946
3973,0.99987817
3974,0.8270303
3975,0.00021946465
3976,0.00021336388
3977,0.0029286835
3978,0.004553915
3979,0.0004379343
3980,0.00033995308
3981,0.00031487353
3982,0.03471268
3983,0.24955943
3984,0.95151645
3985,0.006831444
3986,0.97743773
3987,0.99975985
3988,0.9986129
3989,0.107305795
3990,0.9840644
3991,0.9985453
3992,0.00018077437
3993,0.9956037
3994,0.00033002056
3995,0.99977237
3996,0.9999745
3997,0.98166174
3998,0.98522097
3999,0.016918616
4000,0.0007759831
4001,0.85201246
4002,0.99218243
4003,0.4888602
4004,0.1573821
4005,0.99991703
4006,0.99997723
4007,0.99989974
4008,0.767579
4009,0.00070223666
4010,0.999954
4011,0.0005913132
4012,0.99981743
4013,0.99524826
4014,0.96197987
4015,0.10585122
4016,0.079419896
4017,0.81289923
4018,0.999671
4019,0.001278333
4020,0.99823916
4021,0.0019742956
4022,0.9999629
4023,0.9981402
4024,0.15318815
4025,0.9998055
4026,0.009058734
4027,0.0009193425
4028,0.9999306
4029,0.021512432
4030,0.9991493
4031,0.99980503
4032,0.6519808
4033,0.9999144
4034,0.999977
4035,0.7663903
4036,0.697886
4037,0.9998103
4038,0.0010731161
4039,0.0005263504
4040,0.093514174
4041,0.26181266
4042,0.01212122
4043,0.00032360273
4044,0.13338421
4045,0.0003205778
4046,5.933595e-05
4047,0.9624843
4048,0.0003932313
4049,1.9316543e-05
4050,0.0001699027
4051,0.9998559
4052,0.87488353
4053,0.9999435
4054,0.00021123663
4055,0.12115789
4056,0.9999404
4057,0.98805326
4058,0.9991321
4059,0.16071612
4060,0.0004510599
4061,0.999676
4062,0.00019112472
4063,0.0019638322
4064,0.9999187
4065,0.95295256
4066,0.0005498493
4067,0.9974406
4068,0.999154
4069,0.99925727
4070,0.9985153
4071,0.99969363
4072,0.998941
4073,0.5957959
4074,0.9999591
4075,0.009812911
4076,0.9993284
4077,0.9993674
4078,0.47093913
4079,0.9665549
4080,0.9998443
4081,0.9993882
4082,3.9416303e-05
4083,0.9054982
4084,0.9999187
4085,0.0019379173
4086,0.0042929524
4087,0.9999541
4088,0.0612132
4089,0.00033405877
4090,0.8238132
4091,0.0005001132
4092,0.9946301
4093,0.99998796
4094,0.005968411
4095,0.99951315
4096,0.9132539
4097,0.99976903
4098,0.0002399862
4099,1.2467121e-05
4100,5.5867604e-05
4101,0.00059029675
4102,0.038197488
4103,0.9989767
4104,0.025130533
4105,2.611649e-05
4106,0.000103728315
4107,0.00029456426
4108,0.99870765
4109,0.026508225
4110,0.99602425
4111,0.9956964
4112,0.77231616
4113,0.9998228
4114,0.0075992323
4115,0.9921004
4116,0.8879633
4117,0.997632
4118,0.99986136
4119,0.97771025
4120,0.00046458488
4121,0.99953127
4122,0.26132867
4123,0.99806124
4124,0.49860224
4125,0.98765486
4126,0.7616978
4127,0.034879826
4128,0.9460281
4129,0.995327
4130,0.0002981025
4131,2.9874564e-05
4132,0.68340605
4133,0.01838969
4134,0.060853027
4135,0.9999733
4136,0.71270573
4137,0.00012180863
4138,0.5748158
4139,1.5061388e-05
4140,0.6317035
4141,0.00051652826
4142,0.9999788
4143,0.18152764
4144,0.9999888
4145,0.41292265
4146,0.17792465
4147,0.9985446
4148,0.0025902512
4149,0.06757371
4150,0.09777086
4151,0.97992915
4152,0.9988576
4153,0.9999945
4154,0.9896471
4155,0.019348936
4156,0.005016714
4157,0.00023777375
4158,3.0954823e-05
4159,0.11817417
4160,0.68393254
4161,0.76684207
4162,0.00045878495
4163,0.0006076165
4164,3.7421214e-05
4165,0.99981457
4166,0.99997985
4167,0.0018596116
4168,0.99996436
4169,0.012439738
4170,0.9460079
4171,0.99982375
4172,0.9527702
4173,0.83414054
4174,0.9832395
4175,5.4021904e-05
4176,0.014949158
4177,0.0004128977
4178,0.012687371
4179,0.0011954455
4180,0.26069567
4181,0.18673748
4182,0.0007275098
4183,0.35481063
4184,0.9999528
4185,0.9997788
4186,0.99999046
4187,7.013443e-06
4188,0.9999604
4189,2.3416073e-05
4190,0.00016707792
4191,0.99969494
4192,0.9791707
4193,0.69933707
4194,0.3570143
4195,0.0005715017
4196,0.00058191916
4197,0.00069113827
4198,0.00048617154
4199,0.00053749635
4200,0.9996481
4201,2.0493124e-05
4202,0.0011308134
4203,0.008634935
4204,0.9996271
4205,0.999984
4206,6.865692e-05
4207,0.99950373
4208,0.0015115056
4209,0.9943651
4210,0.6688398
4211,0.007126707
4212,0.00037323177
4213,0.98425806
4214,0.1337849
4215,0.11139343
4216,0.0008626147
4217,0.9997284
4218,7.891061e-05
4219,0.99511445
4220,0.003094322
4221,0.99939907
4222,0.0037449668
4223,0.009867297
4224,0.99834275
4225,0.3517908
4226,0.83666414
4227,0.90741944
4228,0.99970824
4229,2.6514728e-05
4230,0.9999809
4231,0.9996779
4232,0.9999176
4233,5.168197e-05
4234,0.0008615038
4235,0.0006143932
4236,0.006104241
4237,0.83755356
4238,0.00031162848
4239,0.00037677883
4240,5.801753e-05
4241,0.00032626776
4242,4.101898e-05
4243,0.99973863
4244,0.99977165
4245,0.00016656207
4246,0.23494606
4247,0.9834669
4248,0.97441566
4249,0.003943586
4250,0.35511044
4251,0.999012
4252,0.9999628
4253,0.9999776
4254,0.0014095649
4255,0.00031220363
4256,0.9998902
4257,0.0002188044
4258,0.00028690632
4259,0.0001068793
4260,0.00071237405
4261,0.969785
4262,0.99917275
4263,0.00043460127
4264,0.006049053
4265,0.9902552
4266,0.99938715
4267,0.98038244
4268,0.8956992
4269,0.9958001
4270,0.00057492784
4271,0.9993187
4272,4.6550154e-05
4273,0.9985714
4274,0.27579632
4275,0.324957
4276,0.00014088268
4277,0.99995553
4278,0.0023719054
4279,0.97385275
4280,0.00042123682
4281,0.0009790512
4282,0.99697363
4283,0.9997484
4284,0.014111099
4285,0.9988681
4286,0.99957496
4287,0.6980676
4288,0.97798014
4289,0.9991937
4290,0.028944295
4291,0.14189984
4292,0.99478984
4293,0.00055668893
4294,0.99997675
4295,0.0058425884
4296,0.0004730336
4297,0.9558653
4298,0.9999807
4299,0.99971884
4300,0.0021690126
4301,0.00020708267
4302,0.0127552
4303,0.9990031
4304,0.9999428
4305,0.47540346
4306,0.9989115
4307,0.008691765
4308,0.9997789
4309,0.0005498019
4310,0.99943906
4311,0.9999598
4312,0.0016417704
4313,0.99443346
4314,0.99977964
4315,0.065733865
4316,0.98763674
4317,0.06259685
4318,0.00033314855
4319,0.999826
4320,0.065419324
4321,0.5558771
4322,0.9978771
4323,0.0012176852
4324,0.0001731874
4325,0.999806
4326,0.999925
4327,0.9783619
4328,0.9986625
4329,0.00017422509
4330,0.0008187661
4331,0.9998579
4332,0.99980503
4333,0.9723957
4334,0.9849482
4335,0.00055799313
4336,0.9983392
4337,0.99975175
4338,0.9999912
4339,0.13286012
4340,0.00054282305
4341,0.99998593
4342,0.9996673
4343,0.9981674
4344,0.41288665
4345,0.99990857
4346,0.000917067
4347,0.9998729
4348,0.043029632
4349,0.00014707456
4350,0.997223
4351,7.107889e-05
4352,0.9958723
4353,0.93660665
4354,0.99976176
4355,0.38845205
4356,4.3181364e-05
4357,0.7126423
4358,0.99725574
4359,0.0009895236
4360,0.8581512
4361,0.9999474
4362,0.99984324
4363,0.0016411374
4364,0.9998723
4365,0.008955306
4366,0.999199
4367,0.00010347768
4368,0.7420868
4369,4.5558332e-05
4370,0.005816189
4371,0.7711408
4372,0.9924585
4373,0.038539052
4374,0.98369795
4375,0.98500395
4376,0.044909827
4377,0.9905524
4378,0.06870258
4379,0.00015214164
4380,0.96217495
4381,0.9787619
4382,0.13179684
4383,0.11596864
4384,0.9574564
4385,0.9945951
4386,0.99288696
4387,0.0034776356
4388,0.9993647
4389,0.00017941794
4390,0.014187098
4391,0.00032940792
4392,0.9171117
4393,0.43076193
4394,3.727913e-05
4395,0.9999906
4396,0.99990606
4397,0.0064521483
4398,0.00016732392
4399,0.00054639933
4400,0.9997701
4401,0.013049691
4402,0.9997271
4403,0.0037516407
4404,0.98409146
4405,0.0032517307
4406,0.99866045
4407,8.7252534e-05
4408,0.9997445
4409,0.020738315
4410,0.0029448085
4411,0.99995553
4412,0.50228786
4413,0.0047989027
4414,0.6875967
4415,0.83678013
4416,9.214543e-05
4417,0.99890614
4418,0.008701112
4419,0.99977344
4420,0.7004401
4421,0.9995771
4422,0.000799629
4423,0.9998109
4424,0.0046297642
4425,0.12736268
4426,0.22176686
4427,0.999843
4428,0.99930215
4429,0.12007043
4430,0.0012608208
4431,0.99320966
4432,0.8820866
4433,0.015680538
4434,0.00081228575
4435,0.9999937
4436,0.99960285
4437,0.0032581463
4438,0.9999788
4439,0.9940169
4440,0.999645
4441,0.9997564
4442,0.00025430135
4443,0.00083641143
4444,0.0064496268
4445,0.9993352
4446,0.9881648
4447,0.0011295673
4448,0.4593579
4449,0.99973136
4450,0.17271362
4451,0.2963674
4452,0.001742899
4453,0.16147853
4454,2.306523e-05
4455,0.40746668
4456,0.0032068458
4457,0.99995923
4458,0.89477015
4459,0.94156134
4460,5.084307e-05
4461,0.124437995
4462,0.99997747
4463,8.9680965e-05
4464,0.0063016918
4465,0.99920976
4466,0.99931395
4467,0.999915
4468,0.50428027
4469,6.0247137e-05
4470,0.9998797
4471,0.009997059
4472,0.9995858
4473,0.9999306
4474,0.9986089
4475,0.046006028
4476,0.9956631
4477,0.99749494
4478,0.08681973
4479,0.31811357
4480,0.9999378
4481,0.803587
4482,0.033455156
4483,0.0004412302
4484,0.9930489
4485,0.9993382
4486,0.9998342
4487,6.52429e-05
4488,1.2810165e-05
4489,0.9982022
4490,0.99990225
4491,0.08564957
4492,0.99993384
4493,0.3114226
4494,0.9999865
4495,0.955635
4496,0.9992887
4497,0.99649435
4498,0.9959109
4499,0.019235076
4500,0.99991345
4501,0.99607193
4502,0.00012489203
4503,0.05225559
4504,8.68838e-05
4505,0.9999316
4506,0.011626076
4507,0.2440364
4508,0.99667066
4509,0.00060701254
4510,0.9666722
4511,0.02863696
4512,0.9483576
4513,0.00366624
4514,0.009074694
4515,0.004953283
4516,0.001863981
4517,0.90899605
4518,0.9999913
4519,0.99978703
4520,0.99996364
4521,0.9993734
4522,0.17488715
4523,0.9982931
4524,0.4458681
4525,0.9991301
4526,0.9996724
4527,0.7384289
4528,0.99996483
4529,0.004167386
4530,0.005700464
4531,0.18174666
4532,0.00038182136
4533,0.99705017
4534,0.68768907
4535,0.9918602
4536,0.21675748
4537,0.00058921974
4538,0.9999002
4539,0.9994154
4540,0.00019058061
4541,0.005654184
4542,0.9999734
4543,0.9995148
4544,0.9999851
4545,0.00051050895
4546,0.0011651953
4547,0.00020228408
4548,0.0018421849
4549,0.00041717078
4550,0.44056192
4551,0.012792729
4552,0.8382095
4553,0.99823713
4554,0.085284166
4555,0.83626646
4556,1.4053908e-05
4557,0.014195175
4558,0.9967505
4559,0.02194812
4560,0.99931705
4561,0.9991498
4562,0.0055259406
4563,0.98521626
4564,0.99709177
4565,9.816182e-05
4566,0.9996611
4567,0.029637134
4568,0.8188493
4569,0.0027574992
4570,0.9994665
4571,0.7500919
4572,0.9834267
4573,0.0019296979
4574,0.99956936
4575,0.9999112
4576,0.9997378
4577,0.00034298562
4578,0.00021381392
4579,0.9909089
4580,0.97353506
4581,0.60475767
4582,0.5360459
4583,7.160587e-05
4584,0.9853624
4585,0.0055102566
4586,0.9987295
4587,0.99622065
4588,0.01853674
4589,0.00012985649
4590,4.1786785e-05
4591,0.9966259
4592,0.0002688535
4593,9.713912e-05
4594,0.9995389
4595,0.9955415
4596,0.060832944
4597,0.9987029
4598,0.99822015
4599,0.49669582
4600,8.2833205e-05
4601,0.9604034
4602,0.9985037
4603,0.09658638
4604,0.008091032
4605,0.00032002054
4606,0.9756442
4607,0.9998704
4608,0.12346138
4609,0.010395905
4610,0.99993646
4611,0.99550027
4612,0.73566
4613,0.94723606
4614,0.9999398
4615,0.9982608
4616,8.661942e-05
4617,0.35740116
4618,0.00027786958
4619,0.9995396
4620,0.9992244
4621,0.99971133
4622,0.62367964
4623,0.9999652
4624,0.94561744
4625,4.966781e-05
4626,0.08959291
4627,0.00066054217
4628,0.0001085142
4629,0.98968154
4630,0.057742972
4631,7.690504e-05
4632,0.99708456
4633,0.9998864
4634,0.47876918
4635,0.8368918
4636,0.9954913
4637,0.9997969
4638,0.00013831527
4639,0.0011457633
4640,0.8451694
4641,0.011829096
4642,0.9999603
4643,0.00072375726
4644,0.9994147
4645,0.9999486
4646,3.3831817e-05
4647,0.0038796177
4648,0.9999647
4649,0.99926394
4650,0.0092699835
4651,0.99772257
4652,0.9990946
4653,2.9552413e-05
4654,0.00016984422
4655,0.9302177
4656,0.99961615
4657,0.84560883
4658,0.99994206
4659,0.01155742
4660,0.9999294
4661,0.24474688
4662,0.051633276
4663,0.755314
4664,0.00045719714
4665,0.9632605
4666,0.00091225037
4667,0.9999125
4668,0.99998236
4669,0.8374746
4670,0.9907693
4671,0.29174063
4672,0.4794787
4673,0.9995937
4674,0.28775418
4675,0.0034186465
4676,0.9998462
4677,0.00016266287
4678,0.99988246
4679,0.14708744
4680,0.0006330723
4681,0.9998565
4682,0.00011089781
4683,0.99984324
4684,0.00014013828
4685,0.81102306
4686,0.0005521804
4687,0.00037970714
4688,0.58132946
4689,0.060640085
4690,0.99950695
4691,1.1724861e-05
4692,0.057106048
4693,0.9962036
4694,0.00033331756
4695,0.00035326934
4696,0.0013414678
4697,0.99950325
4698,0.040071942
4699,0.00010819957
4700,2.3745693e-05
4701,0.99990904
4702,0.99990165
4703,0.97563237
4704,0.99997115
4705,0.9916015
4706,0.85678035
4707,0.4104925
4708,0.99973196
4709,0.9999485
4710,0.9989766
4711,0.99998057
4712,0.015738595
4713,0.94319326
4714,0.8207503
4715,0.0058325403
4716,0.99986756
4717,0.00022592283
4718,0.99745244
4719,0.9993832
4720,0.00011523373
4721,0.99427575
4722,0.9841074
4723,0.9987625
4724,0.9962978
4725,0.998552
4726,0.88515997
4727,0.024084242
4728,0.0016597045
4729,0.005749745
4730,0.0008114185
4731,0.00010745239
4732,0.99996805
4733,0.9943105
4734,0.9997396
4735,0.99753463
4736,0.9994723
4737,0.005069956
4738,0.9998826
4739,0.00017231112
4740,0.00027357845
4741,0.9999764
4742,0.99990237
4743,0.00032289515
4744,0.30147663
4745,0.0026262451
4746,0.9419206
4747,0.00018058607
4748,0.06061577
4749,0.0061529656
4750,0.99374855
4751,0.9851983
4752,0.9648676
4753,0.0077718683
4754,2.3954353e-05
4755,0.9994259
4756,0.03811866
4757,0.99812084
4758,0.0039790105
4759,0.9996642
4760,0.46429566
4761,3.8504877e-05
4762,0.99921906
4763,9.130059e-05
4764,0.9992404
4765,0.9999939
4766,0.99976474
4767,0.99768126
4768,0.99700266
4769,0.9770678
4770,0.9956564
4771,0.99963176
4772,0.9829217
4773,0.0024256676
4774,0.8984642
4775,0.0010215489
4776,0.025467338
4777,0.99498355
4778,0.9850365
4779,0.06683219
4780,0.44261554
4781,8.392254e-05
4782,0.9993693
4783,0.8987704
4784,0.996716
4785,0.91185635
4786,0.9981736
4787,0.00076442346
4788,0.0008476538
4789,2.2000122e-05
4790,0.9970233
4791,0.0009690399
4792,0.0178702
4793,0.9999118
4794,0.99987805
4795,0.99989986
4796,0.9995189
4797,0.99997604
4798,0.99948126
4799,0.0005989861
4800,0.0018354433
4801,0.999634
4802,0.99992144
4803,0.73632675
4804,0.99974304
4805,0.9918452
4806,0.9943288
4807,0.00014668032
4808,0.9997979
4809,0.008374096
4810,0.0008698894
4811,0.0098951105
4812,0.99997294
4813,0.9995214
4814,0.022794604
4815,0.061215952
4816,0.5607897
4817,0.0170543
4818,0.8270525
4819,0.0002060575
4820,0.8940251
4821,0.918863
4822,0.9741744
4823,0.7449626
4824,0.9641222
4825,0.99982005
4826,0.010126506
4827,0.9958515
4828,0.00040766425
4829,0.9997714
4830,0.0055504013
4831,0.017636754
4832,2.8242075e-05
4833,0.99987316
4834,0.9998312
4835,0.9976774
4836,0.99988544
4837,0.9999757
4838,0.408816
4839,0.0032248532
4840,0.011915594
4841,0.018036405
4842,0.9998996
4843,0.9985544
4844,0.9991357
4845,0.9991146
4846,0.004195473
4847,1.9176005e-05
4848,0.00088370696
4849,0.96181124
4850,0.9998116
4851,0.99873537
4852,0.0027557858
4853,0.9999839
4854,0.9997849
4855,0.9998878
4856,0.00010874323
4857,0.0026765703
4858,0.99961025
4859,0.7796308
4860,0.9917418
4861,0.99981314
4862,0.9970176
4863,0.9997831
4864,0.00042785262
4865,0.99987054
4866,0.0009274853
4867,0.8239718
4868,0.91817605
4869,0.8668684
4870,0.9830875
4871,3.4661414e-05
4872,0.08092852
4873,0.99919146
4874,0.99912864
4875,0.8262062
4876,0.0010643618
4877,0.92047954
4878,7.730908e-05
4879,0.000145583
4880,0.97294396
4881,0.99037725
4882,0.99722016
4883,0.9995327
4884,0.7832203
4885,0.0009802156
4886,0.00028913494
4887,0.9207488
4888,0.99949515
4889,0.49979648
4890,0.12334307
4891,0.09503151
4892,0.99802774
4893,0.00011138585
4894,0.9998932
4895,0.9988944
4896,0.9850578
4897,0.0019249878
4898,0.90098083
4899,8.594097e-05
4900,0.63125825
4901,0.020322198
4902,0.57998383
4903,0.031957522
4904,0.0012032711
4905,0.008727318
4906,4.5874367e-05
4907,0.9915754
4908,0.9999716
4909,0.0017342138
4910,0.46545598
4911,0.99997747
4912,0.99845445
4913,0.00015354996
4914,0.9998803
4915,0.91673315
4916,0.94498634
4917,0.009098668
4918,0.9999654
4919,0.00028900267
4920,0.99996305
4921,0.5084617
4922,0.9952944
4923,0.0006606508
4924,0.924113
4925,0.8564978
4926,0.003674516
4927,0.37598357
4928,0.00082271826
4929,7.1428614e-05
4930,0.999967
4931,0.03326753
4932,0.15634367
4933,0.00701912
4934,0.9996841
4935,0.9364904
4936,0.009227976
4937,0.9996624
4938,0.0011585944
4939,0.99751055
4940,0.85555506
4941,0.0043538865
4942,0.064567454
4943,0.018415757
4944,0.999605
4945,0.0018914102
4946,0.99717355
4947,0.99408853
4948,0.99988735
4949,0.34699327
4950,0.9989392
4951,0.9998994
4952,0.9994248
4953,0.003884187
4954,0.9403671
4955,0.00024174302
4956,0.3953811
4957,0.99991393
4958,0.002601267
4959,0.9998392
4960,0.999577
4961,0.99999034
4962,0.00019439287
4963,0.93969905
4964,0.7608747
4965,1.8868273e-05
4966,0.9997589
4967,0.00396599
4968,9.005812e-05
4969,3.7965783e-05
4970,0.0013386594
4971,0.033952285
4972,0.9976528
4973,0.9999609
4974,0.00022436887
4975,0.9992341
4976,0.56862056
4977,0.99951637
4978,0.3290361
4979,0.03289851
4980,0.00037706524
4981,0.9774795
4982,0.9898247
4983,0.99952865
4984,0.9283346
4985,0.0031491856
4986,0.00018514099
4987,0.9999242
4988,0.025452016
4989,0.7089259
4990,0.000619273
4991,0.00019355504
4992,0.88895047
4993,0.99874794
4994,0.1577293
4995,0.9997545
4996,0.002705421
4997,0.005712509
4998,0.17905955
4999,3.522472e-06
